Workbook
Name ___SE2: #REF!
Name ___SE2: #REF!
Name ___SE2: #REF!
Name ___SE2: #REF!
Name ___SE2: #REF!
Name ___SE2: #REF!
Name ___xlc_DefaultDisplayOption___: "caption"
Name ___xlc_DisplayNullValues___: TRUE
Name ___xlc_DisplayNullValuesAs___: 0
Name ___xlc_PromptForInsertOnDrill___: FALSE
Name ___xlc_SuppressNULLSOnDrill___: FALSE
Name ___xlc_SuppressZerosOnDrill___: FALSE
Name __123Graph_A: #REF!
Name __123Graph_A: #REF!
Name __123Graph_A: #REF!
Name __123Graph_A: #REF!
Name __123Graph_A: #REF!
Name __123Graph_ALK: #REF!
Name __123Graph_ALK: #REF!
Name __123Graph_ALK: #REF!
Name __123Graph_ALK: #REF!
Name __123Graph_ALK: #REF!
Name __123Graph_AMALB: #REF!
Name __123Graph_AOTH: #REF!
Name __123Graph_ATOTAL: #REF!
Name __123Graph_B: #REF!
Name __123Graph_B: #REF!
Name __123Graph_B: #REF!
Name __123Graph_B: #REF!
Name __123Graph_B: #REF!
Name __123Graph_BLK: #REF!
Name __123Graph_BLK: #REF!
Name __123Graph_BLK: #REF!
Name __123Graph_BLK: #REF!
Name __123Graph_BLK: #REF!
Name __123Graph_BMALB: #REF!
Name __123Graph_BOTH: #REF!
Name __123Graph_C: #REF!
Name __123Graph_C: #REF!
Name __123Graph_C: #REF!
Name __123Graph_C: #REF!
Name __123Graph_C: #REF!
Name __123Graph_CLK: #REF!
Name __123Graph_CLK: #REF!
Name __123Graph_CLK: #REF!
Name __123Graph_CLK: #REF!
Name __123Graph_CLK: #REF!
Name __123Graph_CMALB: #REF!
Name __123Graph_COTH: #REF!
Name __123Graph_D: #REF!
Name __123Graph_D: #REF!
Name __123Graph_D: #REF!
Name __123Graph_D: #REF!
Name __123Graph_D: #REF!
Name __123Graph_DLK: #REF!
Name __123Graph_DLK: #REF!
Name __123Graph_DLK: #REF!
Name __123Graph_DLK: #REF!
Name __123Graph_DLK: #REF!
Name __123Graph_DMALB: #REF!

Sheet GR (for admin only)
B1: 1 | C1: =B1+1 -> 2 | D1: =C1+1 -> 3 | E1: =D1+1 -> 4 | F1: =E1+1 -> 5 | I1: =#REF!+1 -> #REF! | J1: =I1+1 -> #REF! | L1: =J1+1 -> #REF! | N1: =#REF!+1 -> #REF! | P1: =#REF!+1 -> #REF! | R1: =#REF!+1 -> #REF!
C2: ='KPS #48'!C2 -> 48
B3: 44753 | C3: =TODAY() -> 46168 | G3: =SUM(G6:G99) -> #NAME? | H3: =SUM(H6:H99) -> #NAME? | J3: ="Arrival "&C2&" (in Box)" -> Arrival 48 (in Box)
A4: Partner | B4: Partner | C4: Segment | D4: Code | E4: Brand | F4: AE / Manager | G4: Status Delivery to DC | I4: Partial/No | J4: Senin | K4: GR | L4: Selasa | M4: GR | N4: Rabu | O4: GR | P4: Kamis | Q4: GR | R4: Jumat | S4: GR | T4: Sabtu | U4: GR | V4: Minggu | W4: GR | X4: Total Plan | Y4: Total GR | Z4: Remarks
G5: Outstand | H5: PO | J5: ='KPS #48'!J5 -> 45985 | L5: =J5+1 -> 45986 | N5: =L5+1 -> 45987 | P5: =N5+1 -> 45988 | R5: =P5+1 -> 45989 | T5: =R5+1 -> 45990 | V5: =T5+1 -> 45991 | AA5: Arrival In stick | AB5: po in stick | AC5: var
A6: =D6 -> PSP12 | B6: CV Gunung Batu Penjuru | C6: SKT 12 | D6: PSP12 | E6: Pasopati Skt 12S | F6: Jose | Andry | G6: {=_xludf.XLOOKUP(D6,'KPS #48'!D:D,'KPS #48'!G:G,0)} -> #NAME? | H6: {=_xludf.XLOOKUP(D6,'KPS #48'!D:D,'KPS #48'!H:H,0)} -> #NAME? | I6: =IF(AND(H6=0,G6=0),"No Delivery",IF(COUNTA(J6,L6,N6,P6,R6,T6,V6)=1,"Delivery",IF(COUNTA(J6,L6,N6,P6,R6,T6,V6)>1,"Partial Delivery",IF(COUNTA(J6,L6,N6,P6,R6,T6,V6)=0,"Will be Updated")))) -> #NAME? | J6: {=_xludf.XLOOKUP(D6,'KPS #48'!D:D,'KPS #48'!J:J,0)} -> #NAME? | K6: =_xludf.XLOOKUP($D6,#REF!,#REF!,0) -> #NAME? | L6: {=_xludf.XLOOKUP(D6,'KPS #48'!D:D,'KPS #48'!L:L,0)} -> #NAME? | M6: =_xludf.XLOOKUP($D6,#REF!,#REF!,0) -> #NAME? | N6: {=_xludf.XLOOKUP(D6,'KPS #48'!D:D,'KPS #48'!N:N,0)} -> #NAME? | O6: =_xludf.XLOOKUP($D6,#REF!,#REF!,0) -> #NAME? | P6: {=_xludf.XLOOKUP(D6,'KPS #48'!D:D,'KPS #48'!P:P,0)} -> #NAME? | Q6: =_xludf.XLOOKUP($D6,#REF!,#REF!,0) -> #NAME? | R6: {=_xludf.XLOOKUP(D6,'KPS #48'!D:D,'KPS #48'!R:R,0)} -> #NAME? | S6: =_xludf.XLOOKUP($D6,#REF!,#REF!,0) -> #NAME? | T6: {=_xludf.XLOOKUP(D6,'KPS #48'!D:D,'KPS #48'!T:T,0)} -> #NAME? | U6: =_xludf.XLOOKUP($D6,#REF!,#REF!,0) -> #NAME? | V6: {=_xludf.XLOOKUP(D6,'KPS #48'!D:D,'KPS #48'!V:V,0)} -> #NAME? | W6: =_xludf.XLOOKUP($D6,#REF!,#REF!,0) -> #NAME? | X6: =SUM(V6,T6,R6,P6,N6,L6,J6) -> #NAME? | Y6: =SUM(W6,U6,S6,Q6,O6,M6,K6) -> #NAME? | AA6: =X6*IFERROR(VLOOKUP(D6,'Brand List'!$B:$D,3,0),0) -> #NAME? | AB6: =H6*IFERROR(VLOOKUP(D6,'Brand List'!$B:$D,3,0),0) -> #NAME? | AC6: =AA6-AB6 -> #NAME? | AD6: =_xlfn.XLOOKUP(D6,[1]Summary!$E:$E,[1]Summary!$L:$L,0) -> 0 | AE6: =AD6*X6 -> #NAME?
A7: =D7 -> BGS12 | B7: PT Anak Sakti | C7: SKT 12 | D7: BGS12 | E7: Bagas Skt 12S | F7: Vincent | Johan | G7: {=_xludf.XLOOKUP(D7,'KPS #48'!D:D,'KPS #48'!G:G,0)} -> #NAME? | H7: {=_xludf.XLOOKUP(D7,'KPS #48'!D:D,'KPS #48'!H:H,0)} -> #NAME? | I7: =IF(AND(H7=0,G7=0),"No Delivery",IF(COUNTA(J7,L7,N7,P7,R7,T7,V7)=1,"Delivery",IF(COUNTA(J7,L7,N7,P7,R7,T7,V7)>1,"Partial Delivery",IF(COUNTA(J7,L7,N7,P7,R7,T7,V7)=0,"Will be Updated")))) -> #NAME? | J7: {=_xludf.XLOOKUP(D7,'KPS #48'!D:D,'KPS #48'!J:J,0)} -> #NAME? | K7: =_xludf.XLOOKUP($D7,#REF!,#REF!,0) -> #NAME? | L7: {=_xludf.XLOOKUP(D7,'KPS #48'!D:D,'KPS #48'!L:L,0)} -> #NAME? | M7: =_xludf.XLOOKUP($D7,#REF!,#REF!,0) -> #NAME? | N7: {=_xludf.XLOOKUP(D7,'KPS #48'!D:D,'KPS #48'!N:N,0)} -> #NAME? | O7: =_xludf.XLOOKUP($D7,#REF!,#REF!,0) -> #NAME? | P7: {=_xludf.XLOOKUP(D7,'KPS #48'!D:D,'KPS #48'!P:P,0)} -> #NAME? | Q7: =_xludf.XLOOKUP($D7,#REF!,#REF!,0) -> #NAME? | R7: {=_xludf.XLOOKUP(D7,'KPS #48'!D:D,'KPS #48'!R:R,0)} -> #NAME? | S7: =_xludf.XLOOKUP($D7,#REF!,#REF!,0) -> #NAME? | T7: {=_xludf.XLOOKUP(D7,'KPS #48'!D:D,'KPS #48'!T:T,0)} -> #NAME? | U7: =_xludf.XLOOKUP($D7,#REF!,#REF!,0) -> #NAME? | V7: {=_xludf.XLOOKUP(D7,'KPS #48'!D:D,'KPS #48'!V:V,0)} -> #NAME? | W7: =_xludf.XLOOKUP($D7,#REF!,#REF!,0) -> #NAME? | X7: =SUM(V7,T7,R7,P7,N7,L7,J7) -> #NAME? | Y7: =SUM(W7,U7,S7,Q7,O7,M7,K7) -> #NAME? | AA7: =X7*IFERROR(VLOOKUP(D7,'Brand List'!$B:$D,3,0),0) -> #NAME? | AB7: =H7*IFERROR(VLOOKUP(D7,'Brand List'!$B:$D,3,0),0) -> #NAME? | AC7: =AA7-AB7 -> #NAME? | AD7: =_xlfn.XLOOKUP(D7,[1]Summary!$E:$E,[1]Summary!$L:$L,0) -> 0 | AE7: =AD7*X7 -> #NAME?
A8: =D8 -> BSH12 | B8: PT Anak Sakti | C8: SKT 12 | D8: BSH12 | E8: Bagas Versi Sugih Skt 12S | F8: Vincent | Johan | G8: {=_xludf.XLOOKUP(D8,'KPS #48'!D:D,'KPS #48'!G:G,0)} -> #NAME? | H8: {=_xludf.XLOOKUP(D8,'KPS #48'!D:D,'KPS #48'!H:H,0)} -> #NAME? | I8: =IF(AND(H8=0,G8=0),"No Delivery",IF(COUNTA(J8,L8,N8,P8,R8,T8,V8)=1,"Delivery",IF(COUNTA(J8,L8,N8,P8,R8,T8,V8)>1,"Partial Delivery",IF(COUNTA(J8,L8,N8,P8,R8,T8,V8)=0,"Will be Updated")))) -> #NAME? | J8: {=_xludf.XLOOKUP(D8,'KPS #48'!D:D,'KPS #48'!J:J,0)} -> #NAME? | K8: =_xludf.XLOOKUP($D8,#REF!,#REF!,0) -> #NAME? | L8: {=_xludf.XLOOKUP(D8,'KPS #48'!D:D,'KPS #48'!L:L,0)} -> #NAME? | M8: =_xludf.XLOOKUP($D8,#REF!,#REF!,0) -> #NAME? | N8: {=_xludf.XLOOKUP(D8,'KPS #48'!D:D,'KPS #48'!N:N,0)} -> #NAME? | O8: =_xludf.XLOOKUP($D8,#REF!,#REF!,0) -> #NAME? | P8: {=_xludf.XLOOKUP(D8,'KPS #48'!D:D,'KPS #48'!P:P,0)} -> #NAME? | Q8: =_xludf.XLOOKUP($D8,#REF!,#REF!,0) -> #NAME? | R8: {=_xludf.XLOOKUP(D8,'KPS #48'!D:D,'KPS #48'!R:R,0)} -> #NAME? | S8: =_xludf.XLOOKUP($D8,#REF!,#REF!,0) -> #NAME? | T8: {=_xludf.XLOOKUP(D8,'KPS #48'!D:D,'KPS #48'!T:T,0)} -> #NAME? | U8: =_xludf.XLOOKUP($D8,#REF!,#REF!,0) -> #NAME? | V8: {=_xludf.XLOOKUP(D8,'KPS #48'!D:D,'KPS #48'!V:V,0)} -> #NAME? | W8: =_xludf.XLOOKUP($D8,#REF!,#REF!,0) -> #NAME? | X8: =SUM(V8,T8,R8,P8,N8,L8,J8) -> #NAME? | Y8: =SUM(W8,U8,S8,Q8,O8,M8,K8) -> #NAME? | AA8: =X8*IFERROR(VLOOKUP(D8,'Brand List'!$B:$D,3,0),0) -> #NAME? | AB8: =H8*IFERROR(VLOOKUP(D8,'Brand List'!$B:$D,3,0),0) -> #NAME? | AC8: =AA8-AB8 -> #NAME? | AD8: =_xlfn.XLOOKUP(D8,[1]Summary!$E:$E,[1]Summary!$L:$L,0) -> 0 | AE8: =AD8*X8 -> #NAME?
A9: =D9 -> PRU12 | B9: PT Anak Sakti | C9: SKT 12 | D9: PRU12 | E9: Prabu Skt 12S | F9: Vincent | Johan | G9: {=_xludf.XLOOKUP(D9,'KPS #48'!D:D,'KPS #48'!G:G,0)} -> #NAME? | H9: {=_xludf.XLOOKUP(D9,'KPS #48'!D:D,'KPS #48'!H:H,0)} -> #NAME? | I9: =IF(AND(H9=0,G9=0),"No Delivery",IF(COUNTA(J9,L9,N9,P9,R9,T9,V9)=1,"Delivery",IF(COUNTA(J9,L9,N9,P9,R9,T9,V9)>1,"Partial Delivery",IF(COUNTA(J9,L9,N9,P9,R9,T9,V9)=0,"Will be Updated")))) -> #NAME? | J9: {=_xludf.XLOOKUP(D9,'KPS #48'!D:D,'KPS #48'!J:J,0)} -> #NAME? | K9: =_xludf.XLOOKUP($D9,#REF!,#REF!,0) -> #NAME? | L9: {=_xludf.XLOOKUP(D9,'KPS #48'!D:D,'KPS #48'!L:L,0)} -> #NAME? | M9: =_xludf.XLOOKUP($D9,#REF!,#REF!,0) -> #NAME? | N9: {=_xludf.XLOOKUP(D9,'KPS #48'!D:D,'KPS #48'!N:N,0)} -> #NAME? | O9: =_xludf.XLOOKUP($D9,#REF!,#REF!,0) -> #NAME? | P9: {=_xludf.XLOOKUP(D9,'KPS #48'!D:D,'KPS #48'!P:P,0)} -> #NAME? | Q9: =_xludf.XLOOKUP($D9,#REF!,#REF!,0) -> #NAME? | R9: {=_xludf.XLOOKUP(D9,'KPS #48'!D:D,'KPS #48'!R:R,0)} -> #NAME? | S9: =_xludf.XLOOKUP($D9,#REF!,#REF!,0) -> #NAME? | T9: {=_xludf.XLOOKUP(D9,'KPS #48'!D:D,'KPS #48'!T:T,0)} -> #NAME? | U9: =_xludf.XLOOKUP($D9,#REF!,#REF!,0) -> #NAME? | V9: {=_xludf.XLOOKUP(D9,'KPS #48'!D:D,'KPS #48'!V:V,0)} -> #NAME? | W9: =_xludf.XLOOKUP($D9,#REF!,#REF!,0) -> #NAME? | X9: =SUM(V9,T9,R9,P9,N9,L9,J9) -> #NAME? | Y9: =SUM(W9,U9,S9,Q9,O9,M9,K9) -> #NAME? | AA9: =X9*IFERROR(VLOOKUP(D9,'Brand List'!$B:$D,3,0),0) -> #NAME? | AB9: =H9*IFERROR(VLOOKUP(D9,'Brand List'!$B:$D,3,0),0) -> #NAME? | AC9: =AA9-AB9 -> #NAME? | AD9: =_xlfn.XLOOKUP(D9,[1]Summary!$E:$E,[1]Summary!$L:$L,0) -> 0 | AE9: =AD9*X9 -> #NAME?
A10: =D10 -> KAM12 | B10: CV Asia Setia Putra | C10: SKT 12 | D10: KAM12 | E10: Kama Skt 12S | F10: Malvin | Lariza | G10: {=_xludf.XLOOKUP(D10,'KPS #48'!D:D,'KPS #48'!G:G,0)} -> #NAME? | H10: {=_xludf.XLOOKUP(D10,'KPS #48'!D:D,'KPS #48'!H:H,0)} -> #NAME? | I10: =IF(AND(H10=0,G10=0),"No Delivery",IF(COUNTA(J10,L10,N10,P10,R10,T10,V10)=1,"Delivery",IF(COUNTA(J10,L10,N10,P10,R10,T10,V10)>1,"Partial Delivery",IF(COUNTA(J10,L10,N10,P10,R10,T10,V10)=0,"Will be Updated")))) -> #NAME? | J10: {=_xludf.XLOOKUP(D10,'KPS #48'!D:D,'KPS #48'!J:J,0)} -> #NAME? | K10: =_xludf.XLOOKUP($D10,#REF!,#REF!,0) -> #NAME? | L10: {=_xludf.XLOOKUP(D10,'KPS #48'!D:D,'KPS #48'!L:L,0)} -> #NAME? | M10: =_xludf.XLOOKUP($D10,#REF!,#REF!,0) -> #NAME? | N10: {=_xludf.XLOOKUP(D10,'KPS #48'!D:D,'KPS #48'!N:N,0)} -> #NAME? | O10: =_xludf.XLOOKUP($D10,#REF!,#REF!,0) -> #NAME? | P10: {=_xludf.XLOOKUP(D10,'KPS #48'!D:D,'KPS #48'!P:P,0)} -> #NAME? | Q10: =_xludf.XLOOKUP($D10,#REF!,#REF!,0) -> #NAME? | R10: {=_xludf.XLOOKUP(D10,'KPS #48'!D:D,'KPS #48'!R:R,0)} -> #NAME? | S10: =_xludf.XLOOKUP($D10,#REF!,#REF!,0) -> #NAME? | T10: {=_xludf.XLOOKUP(D10,'KPS #48'!D:D,'KPS #48'!T:T,0)} -> #NAME? | U10: =_xludf.XLOOKUP($D10,#REF!,#REF!,0) -> #NAME? | V10: {=_xludf.XLOOKUP(D10,'KPS #48'!D:D,'KPS #48'!V:V,0)} -> #NAME? | W10: =_xludf.XLOOKUP($D10,#REF!,#REF!,0) -> #NAME? | X10: =SUM(V10,T10,R10,P10,N10,L10,J10) -> #NAME? | Y10: =SUM(W10,U10,S10,Q10,O10,M10,K10) -> #NAME? | AA10: =X10*IFERROR(VLOOKUP(D10,'Brand List'!$B:$D,3,0),0) -> #NAME? | AB10: =H10*IFERROR(VLOOKUP(D10,'Brand List'!$B:$D,3,0),0) -> #NAME? | AC10: =AA10-AB10 -> #NAME? | AD10: =_xlfn.XLOOKUP(D10,[1]Summary!$E:$E,[1]Summary!$L:$L,0) -> 0 | AE10: =AD10*X10 -> #NAME?
A11: =D11 -> SBH12 | B11: PT Asia Marko | C11: SKT 12 | D11: SBH12 | E11: Sumbu Hijau Skt 12S | F11: Jose | Lariza | G11: {=_xludf.XLOOKUP(D11,'KPS #48'!D:D,'KPS #48'!G:G,0)} -> #NAME? | H11: {=_xludf.XLOOKUP(D11,'KPS #48'!D:D,'KPS #48'!H:H,0)} -> #NAME? | I11: =IF(AND(H11=0,G11=0),"No Delivery",IF(COUNTA(J11,L11,N11,P11,R11,T11,V11)=1,"Delivery",IF(COUNTA(J11,L11,N11,P11,R11,T11,V11)>1,"Partial Delivery",IF(COUNTA(J11,L11,N11,P11,R11,T11,V11)=0,"Will be Updated")))) -> #NAME? | J11: {=_xludf.XLOOKUP(D11,'KPS #48'!D:D,'KPS #48'!J:J,0)} -> #NAME? | K11: =_xludf.XLOOKUP($D11,#REF!,#REF!,0) -> #NAME? | L11: {=_xludf.XLOOKUP(D11,'KPS #48'!D:D,'KPS #48'!L:L,0)} -> #NAME? | M11: =_xludf.XLOOKUP($D11,#REF!,#REF!,0) -> #NAME? | N11: {=_xludf.XLOOKUP(D11,'KPS #48'!D:D,'KPS #48'!N:N,0)} -> #NAME? | O11: =_xludf.XLOOKUP($D11,#REF!,#REF!,0) -> #NAME? | P11: {=_xludf.XLOOKUP(D11,'KPS #48'!D:D,'KPS #48'!P:P,0)} -> #NAME? | Q11: =_xludf.XLOOKUP($D11,#REF!,#REF!,0) -> #NAME? | R11: {=_xludf.XLOOKUP(D11,'KPS #48'!D:D,'KPS #48'!R:R,0)} -> #NAME? | S11: =_xludf.XLOOKUP($D11,#REF!,#REF!,0) -> #NAME? | T11: {=_xludf.XLOOKUP(D11,'KPS #48'!D:D,'KPS #48'!T:T,0)} -> #NAME? | U11: =_xludf.XLOOKUP($D11,#REF!,#REF!,0) -> #NAME? | V11: {=_xludf.XLOOKUP(D11,'KPS #48'!D:D,'KPS #48'!V:V,0)} -> #NAME? | W11: =_xludf.XLOOKUP($D11,#REF!,#REF!,0) -> #NAME? | X11: =SUM(V11,T11,R11,P11,N11,L11,J11) -> #NAME? | Y11: =SUM(W11,U11,S11,Q11,O11,M11,K11) -> #NAME? | AA11: =X11*IFERROR(VLOOKUP(D11,'Brand List'!$B:$D,3,0),0) -> #NAME? | AB11: =H11*IFERROR(VLOOKUP(D11,'Brand List'!$B:$D,3,0),0) -> #NAME? | AC11: =AA11-AB11 -> #NAME? | AD11: =_xlfn.XLOOKUP(D11,[1]Summary!$E:$E,[1]Summary!$L:$L,0) -> 0 | AE11: =AD11*X11 -> #NAME?
A12: =D12 -> VER20 | B12: PT Djitoe | C12: SPM 20 | D12: VER20 | E12: Vermont Spm 20S | F12: Jose | Lariza | G12: {=_xludf.XLOOKUP(D12,'KPS #48'!D:D,'KPS #48'!G:G,0)} -> #NAME? | H12: {=_xludf.XLOOKUP(D12,'KPS #48'!D:D,'KPS #48'!H:H,0)} -> #NAME? | I12: =IF(AND(H12=0,G12=0),"No Delivery",IF(COUNTA(J12,L12,N12,P12,R12,T12,V12)=1,"Delivery",IF(COUNTA(J12,L12,N12,P12,R12,T12,V12)>1,"Partial Delivery",IF(COUNTA(J12,L12,N12,P12,R12,T12,V12)=0,"Will be Updated")))) -> #NAME? | J12: {=_xludf.XLOOKUP(D12,'KPS #48'!D:D,'KPS #48'!J:J,0)} -> #NAME? | K12: =_xludf.XLOOKUP($D12,#REF!,#REF!,0) -> #NAME? | L12: {=_xludf.XLOOKUP(D12,'KPS #48'!D:D,'KPS #48'!L:L,0)} -> #NAME? | M12: =_xludf.XLOOKUP($D12,#REF!,#REF!,0) -> #NAME? | N12: {=_xludf.XLOOKUP(D12,'KPS #48'!D:D,'KPS #48'!N:N,0)} -> #NAME? | O12: =_xludf.XLOOKUP($D12,#REF!,#REF!,0) -> #NAME? | P12: {=_xludf.XLOOKUP(D12,'KPS #48'!D:D,'KPS #48'!P:P,0)} -> #NAME? | Q12: =_xludf.XLOOKUP($D12,#REF!,#REF!,0) -> #NAME? | R12: {=_xludf.XLOOKUP(D12,'KPS #48'!D:D,'KPS #48'!R:R,0)} -> #NAME? | S12: =_xludf.XLOOKUP($D12,#REF!,#REF!,0) -> #NAME? | T12: {=_xludf.XLOOKUP(D12,'KPS #48'!D:D,'KPS #48'!T:T,0)} -> #NAME? | U12: =_xludf.XLOOKUP($D12,#REF!,#REF!,0) -> #NAME? | V12: {=_xludf.XLOOKUP(D12,'KPS #48'!D:D,'KPS #48'!V:V,0)} -> #NAME? | W12: =_xludf.XLOOKUP($D12,#REF!,#REF!,0) -> #NAME? | X12: =SUM(V12,T12,R12,P12,N12,L12,J12) -> #NAME? | Y12: =SUM(W12,U12,S12,Q12,O12,M12,K12) -> #NAME? | AA12: =X12*IFERROR(VLOOKUP(D12,'Brand List'!$B:$D,3,0),0) -> #NAME? | AB12: =H12*IFERROR(VLOOKUP(D12,'Brand List'!$B:$D,3,0),0) -> #NAME? | AC12: =AA12-AB12 -> #NAME? | AD12: =_xlfn.XLOOKUP(D12,[1]Summary!$E:$E,[1]Summary!$L:$L,0) -> 0 | AE12: =AD12*X12 -> #NAME?
A13: =D13 -> PRJ12 | B13: PT Sata Jaya Sejahtera | C13: SKT 12 | D13: PRJ12 | E13: Praja Skt 12S | F13: Nico | Lariza | G13: {=_xludf.XLOOKUP(D13,'KPS #48'!D:D,'KPS #48'!G:G,0)} -> #NAME? | H13: {=_xludf.XLOOKUP(D13,'KPS #48'!D:D,'KPS #48'!H:H,0)} -> #NAME? | I13: =IF(AND(H13=0,G13=0),"No Delivery",IF(COUNTA(J13,L13,N13,P13,R13,T13,V13)=1,"Delivery",IF(COUNTA(J13,L13,N13,P13,R13,T13,V13)>1,"Partial Delivery",IF(COUNTA(J13,L13,N13,P13,R13,T13,V13)=0,"Will be Updated")))) -> #NAME? | J13: {=_xludf.XLOOKUP(D13,'KPS #48'!D:D,'KPS #48'!J:J,0)} -> #NAME? | K13: =_xludf.XLOOKUP($D13,#REF!,#REF!,0) -> #NAME? | L13: {=_xludf.XLOOKUP(D13,'KPS #48'!D:D,'KPS #48'!L:L,0)} -> #NAME? | M13: =_xludf.XLOOKUP($D13,#REF!,#REF!,0) -> #NAME? | N13: {=_xludf.XLOOKUP(D13,'KPS #48'!D:D,'KPS #48'!N:N,0)} -> #NAME? | O13: =_xludf.XLOOKUP($D13,#REF!,#REF!,0) -> #NAME? | P13: {=_xludf.XLOOKUP(D13,'KPS #48'!D:D,'KPS #48'!P:P,0)} -> #NAME? | Q13: =_xludf.XLOOKUP($D13,#REF!,#REF!,0) -> #NAME? | R13: {=_xludf.XLOOKUP(D13,'KPS #48'!D:D,'KPS #48'!R:R,0)} -> #NAME? | S13: =_xludf.XLOOKUP($D13,#REF!,#REF!,0) -> #NAME? | T13: {=_xludf.XLOOKUP(D13,'KPS #48'!D:D,'KPS #48'!T:T,0)} -> #NAME? | U13: =_xludf.XLOOKUP($D13,#REF!,#REF!,0) -> #NAME? | V13: {=_xludf.XLOOKUP(D13,'KPS #48'!D:D,'KPS #48'!V:V,0)} -> #NAME? | W13: =_xludf.XLOOKUP($D13,#REF!,#REF!,0) -> #NAME? | X13: =SUM(V13,T13,R13,P13,N13,L13,J13) -> #NAME? | Y13: =SUM(W13,U13,S13,Q13,O13,M13,K13) -> #NAME? | AA13: =X13*IFERROR(VLOOKUP(D13,'Brand List'!$B:$D,3,0),0) -> #NAME? | AB13: =H13*IFERROR(VLOOKUP(D13,'Brand List'!$B:$D,3,0),0) -> #NAME? | AC13: =AA13-AB13 -> #NAME? | AD13: =_xlfn.XLOOKUP(D13,[1]Summary!$E:$E,[1]Summary!$L:$L,0) -> 0 | AE13: =AD13*X13 -> #NAME?
A14: =D14 -> PRL12 | B14: PT Sata Jaya Sejahtera | C14: SKT 12 | D14: PRL12 | E14: Praja Royal Skt 12S | F14: Nico | Lariza | G14: {=_xludf.XLOOKUP(D14,'KPS #48'!D:D,'KPS #48'!G:G,0)} -> #NAME? | H14: {=_xludf.XLOOKUP(D14,'KPS #48'!D:D,'KPS #48'!H:H,0)} -> #NAME? | I14: =IF(AND(H14=0,G14=0),"No Delivery",IF(COUNTA(J14,L14,N14,P14,R14,T14,V14)=1,"Delivery",IF(COUNTA(J14,L14,N14,P14,R14,T14,V14)>1,"Partial Delivery",IF(COUNTA(J14,L14,N14,P14,R14,T14,V14)=0,"Will be Updated")))) -> #NAME? | J14: {=_xludf.XLOOKUP(D14,'KPS #48'!D:D,'KPS #48'!J:J,0)} -> #NAME? | K14: =_xludf.XLOOKUP($D14,#REF!,#REF!,0) -> #NAME? | L14: {=_xludf.XLOOKUP(D14,'KPS #48'!D:D,'KPS #48'!L:L,0)} -> #NAME? | M14: =_xludf.XLOOKUP($D14,#REF!,#REF!,0) -> #NAME? | N14: {=_xludf.XLOOKUP(D14,'KPS #48'!D:D,'KPS #48'!N:N,0)} -> #NAME? | O14: =_xludf.XLOOKUP($D14,#REF!,#REF!,0) -> #NAME? | P14: {=_xludf.XLOOKUP(D14,'KPS #48'!D:D,'KPS #48'!P:P,0)} -> #NAME? | Q14: =_xludf.XLOOKUP($D14,#REF!,#REF!,0) -> #NAME? | R14: {=_xludf.XLOOKUP(D14,'KPS #48'!D:D,'KPS #48'!R:R,0)} -> #NAME? | S14: =_xludf.XLOOKUP($D14,#REF!,#REF!,0) -> #NAME? | T14: {=_xludf.XLOOKUP(D14,'KPS #48'!D:D,'KPS #48'!T:T,0)} -> #NAME? | U14: =_xludf.XLOOKUP($D14,#REF!,#REF!,0) -> #NAME? | V14: {=_xludf.XLOOKUP(D14,'KPS #48'!D:D,'KPS #48'!V:V,0)} -> #NAME? | W14: =_xludf.XLOOKUP($D14,#REF!,#REF!,0) -> #NAME? | X14: =SUM(V14,T14,R14,P14,N14,L14,J14) -> #NAME? | Y14: =SUM(W14,U14,S14,Q14,O14,M14,K14) -> #NAME? | Z14: PO kps 47 = 40 box arrive in Sat kps 46 | AA14: =X14*IFERROR(VLOOKUP(D14,'Brand List'!$B:$D,3,0),0) -> #NAME? | AB14: =H14*IFERROR(VLOOKUP(D14,'Brand List'!$B:$D,3,0),0) -> #NAME? | AC14: =AA14-AB14 -> #NAME? | AD14: =_xlfn.XLOOKUP(D14,[1]Summary!$E:$E,[1]Summary!$L:$L,0) -> 0 | AE14: =AD14*X14 -> #NAME?
A15: =D15 -> TRI20 | B15: PT Atraco Multiguna | C15: SKM HT 20 | D15: TRI20 | E15: Triton Skm Ht 20S | F15: Jose | Lariza | G15: {=_xludf.XLOOKUP(D15,'KPS #48'!D:D,'KPS #48'!G:G,0)} -> #NAME? | H15: {=_xludf.XLOOKUP(D15,'KPS #48'!D:D,'KPS #48'!H:H,0)} -> #NAME? | I15: =IF(AND(H15=0,G15=0),"No Delivery",IF(COUNTA(J15,L15,N15,P15,R15,T15,V15)=1,"Delivery",IF(COUNTA(J15,L15,N15,P15,R15,T15,V15)>1,"Partial Delivery",IF(COUNTA(J15,L15,N15,P15,R15,T15,V15)=0,"Will be Updated")))) -> #NAME? | J15: {=_xludf.XLOOKUP(D15,'KPS #48'!D:D,'KPS #48'!J:J,0)} -> #NAME? | K15: =_xludf.XLOOKUP($D15,#REF!,#REF!,0) -> #NAME? | L15: {=_xludf.XLOOKUP(D15,'KPS #48'!D:D,'KPS #48'!L:L,0)} -> #NAME? | M15: =_xludf.XLOOKUP($D15,#REF!,#REF!,0) -> #NAME? | N15: {=_xludf.XLOOKUP(D15,'KPS #48'!D:D,'KPS #48'!N:N,0)} -> #NAME? | O15: =_xludf.XLOOKUP($D15,#REF!,#REF!,0) -> #NAME? | P15: {=_xludf.XLOOKUP(D15,'KPS #48'!D:D,'KPS #48'!P:P,0)} -> #NAME? | Q15: =_xludf.XLOOKUP($D15,#REF!,#REF!,0) -> #NAME? | R15: {=_xludf.XLOOKUP(D15,'KPS #48'!D:D,'KPS #48'!R:R,0)} -> #NAME? | S15: =_xludf.XLOOKUP($D15,#REF!,#REF!,0) -> #NAME? | T15: {=_xludf.XLOOKUP(D15,'KPS #48'!D:D,'KPS #48'!T:T,0)} -> #NAME? | U15: =_xludf.XLOOKUP($D15,#REF!,#REF!,0) -> #NAME? | V15: {=_xludf.XLOOKUP(D15,'KPS #48'!D:D,'KPS #48'!V:V,0)} -> #NAME? | W15: =_xludf.XLOOKUP($D15,#REF!,#REF!,0) -> #NAME? | X15: =SUM(V15,T15,R15,P15,N15,L15,J15) -> #NAME? | Y15: =SUM(W15,U15,S15,Q15,O15,M15,K15) -> #NAME? | AA15: =X15*IFERROR(VLOOKUP(D15,'Brand List'!$B:$D,3,0),0) -> #NAME? | AB15: =H15*IFERROR(VLOOKUP(D15,'Brand List'!$B:$D,3,0),0) -> #NAME? | AC15: =AA15-AB15 -> #NAME? | AD15: =_xlfn.XLOOKUP(D15,[1]Summary!$E:$E,[1]Summary!$L:$L,0) -> 0 | AE15: =AD15*X15 -> #NAME?
A16: =D16 -> GSS12 | B16: PT Rukun Global Indojaya | C16: SKT 12 | D16: GSS12 | E16: Giri Seduh Sari Skt 12S | F16: Jose | Lariza | G16: {=_xludf.XLOOKUP(D16,'KPS #48'!D:D,'KPS #48'!G:G,0)} -> #NAME? | H16: {=_xludf.XLOOKUP(D16,'KPS #48'!D:D,'KPS #48'!H:H,0)} -> #NAME? | I16: =IF(AND(H16=0,G16=0),"No Delivery",IF(COUNTA(J16,L16,N16,P16,R16,T16,V16)=1,"Delivery",IF(COUNTA(J16,L16,N16,P16,R16,T16,V16)>1,"Partial Delivery",IF(COUNTA(J16,L16,N16,P16,R16,T16,V16)=0,"Will be Updated")))) -> #NAME? | J16: {=_xludf.XLOOKUP(D16,'KPS #48'!D:D,'KPS #48'!J:J,0)} -> #NAME? | K16: =_xludf.XLOOKUP($D16,#REF!,#REF!,0) -> #NAME? | L16: {=_xludf.XLOOKUP(D16,'KPS #48'!D:D,'KPS #48'!L:L,0)} -> #NAME? | M16: =_xludf.XLOOKUP($D16,#REF!,#REF!,0) -> #NAME? | N16: {=_xludf.XLOOKUP(D16,'KPS #48'!D:D,'KPS #48'!N:N,0)} -> #NAME? | O16: =_xludf.XLOOKUP($D16,#REF!,#REF!,0) -> #NAME? | P16: {=_xludf.XLOOKUP(D16,'KPS #48'!D:D,'KPS #48'!P:P,0)} -> #NAME? | Q16: =_xludf.XLOOKUP($D16,#REF!,#REF!,0) -> #NAME? | R16: {=_xludf.XLOOKUP(D16,'KPS #48'!D:D,'KPS #48'!R:R,0)} -> #NAME? | S16: =_xludf.XLOOKUP($D16,#REF!,#REF!,0) -> #NAME? | T16: {=_xludf.XLOOKUP(D16,'KPS #48'!D:D,'KPS #48'!T:T,0)} -> #NAME? | U16: =_xludf.XLOOKUP($D16,#REF!,#REF!,0) -> #NAME? | V16: {=_xludf.XLOOKUP(D16,'KPS #48'!D:D,'KPS #48'!V:V,0)} -> #NAME? | W16: =_xludf.XLOOKUP($D16,#REF!,#REF!,0) -> #NAME? | X16: =SUM(V16,T16,R16,P16,N16,L16,J16) -> #NAME? | Y16: =SUM(W16,U16,S16,Q16,O16,M16,K16) -> #NAME? | AA16: =X16*IFERROR(VLOOKUP(D16,'Brand List'!$B:$D,3,0),0) -> #NAME? | AB16: =H16*IFERROR(VLOOKUP(D16,'Brand List'!$B:$D,3,0),0) -> #NAME? | AC16: =AA16-AB16 -> #NAME? | AD16: =_xlfn.XLOOKUP(D16,[1]Summary!$E:$E,[1]Summary!$L:$L,0) -> 0 | AE16: =AD16*X16 -> #NAME?
A17: =D17 -> CTL16 | B17: PR Sejahtera Abadi | C17: SKM LT 16 | D17: CTL16 | E17: City Lite Lt 16S | F17: Malvin | Andry | G17: {=_xludf.XLOOKUP(D17,'KPS #48'!D:D,'KPS #48'!G:G,0)} -> #NAME? | H17: {=_xludf.XLOOKUP(D17,'KPS #48'!D:D,'KPS #48'!H:H,0)} -> #NAME? | I17: =IF(AND(H17=0,G17=0),"No Delivery",IF(COUNTA(J17,L17,N17,P17,R17,T17,V17)=1,"Delivery",IF(COUNTA(J17,L17,N17,P17,R17,T17,V17)>1,"Partial Delivery",IF(COUNTA(J17,L17,N17,P17,R17,T17,V17)=0,"Will be Updated")))) -> #NAME? | J17: {=_xludf.XLOOKUP(D17,'KPS #48'!D:D,'KPS #48'!J:J,0)} -> #NAME? | K17: =_xludf.XLOOKUP($D17,#REF!,#REF!,0) -> #NAME? | L17: {=_xludf.XLOOKUP(D17,'KPS #48'!D:D,'KPS #48'!L:L,0)} -> #NAME? | M17: =_xludf.XLOOKUP($D17,#REF!,#REF!,0) -> #NAME? | N17: {=_xludf.XLOOKUP(D17,'KPS #48'!D:D,'KPS #48'!N:N,0)} -> #NAME? | O17: =_xludf.XLOOKUP($D17,#REF!,#REF!,0) -> #NAME? | P17: {=_xludf.XLOOKUP(D17,'KPS #48'!D:D,'KPS #48'!P:P,0)} -> #NAME? | Q17: =_xludf.XLOOKUP($D17,#REF!,#REF!,0) -> #NAME? | R17: {=_xludf.XLOOKUP(D17,'KPS #48'!D:D,'KPS #48'!R:R,0)} -> #NAME? | S17: =_xludf.XLOOKUP($D17,#REF!,#REF!,0) -> #NAME? | T17: {=_xludf.XLOOKUP(D17,'KPS #48'!D:D,'KPS #48'!T:T,0)} -> #NAME? | U17: =_xludf.XLOOKUP($D17,#REF!,#REF!,0) -> #NAME? | V17: {=_xludf.XLOOKUP(D17,'KPS #48'!D:D,'KPS #48'!V:V,0)} -> #NAME? | W17: =_xludf.XLOOKUP($D17,#REF!,#REF!,0) -> #NAME? | X17: =SUM(V17,T17,R17,P17,N17,L17,J17) -> #NAME? | Y17: =SUM(W17,U17,S17,Q17,O17,M17,K17) -> #NAME? | AA17: =X17*IFERROR(VLOOKUP(D17,'Brand List'!$B:$D,3,0),0) -> #NAME? | AB17: =H17*IFERROR(VLOOKUP(D17,'Brand List'!$B:$D,3,0),0) -> #NAME? | AC17: =AA17-AB17 -> #NAME? | AD17: =_xlfn.XLOOKUP(D17,[1]Summary!$E:$E,[1]Summary!$L:$L,0) -> 0 | AE17: =AD17*X17 -> #NAME?
A18: =D18 -> VGZ16 | B18: PR Sejahtera Abadi | C18: SKM LT 16 | D18: VGZ16 | E18: Vegaz Lt 16S | F18: Malvin | Andry | G18: {=_xludf.XLOOKUP(D18,'KPS #48'!D:D,'KPS #48'!G:G,0)} -> #NAME? | H18: {=_xludf.XLOOKUP(D18,'KPS #48'!D:D,'KPS #48'!H:H,0)} -> #NAME? | I18: =IF(AND(H18=0,G18=0),"No Delivery",IF(COUNTA(J18,L18,N18,P18,R18,T18,V18)=1,"Delivery",IF(COUNTA(J18,L18,N18,P18,R18,T18,V18)>1,"Partial Delivery",IF(COUNTA(J18,L18,N18,P18,R18,T18,V18)=0,"Will be Updated")))) -> #NAME? | J18: {=_xludf.XLOOKUP(D18,'KPS #48'!D:D,'KPS #48'!J:J,0)} -> #NAME? | K18: =_xludf.XLOOKUP($D18,#REF!,#REF!,0) -> #NAME? | L18: {=_xludf.XLOOKUP(D18,'KPS #48'!D:D,'KPS #48'!L:L,0)} -> #NAME? | M18: =_xludf.XLOOKUP($D18,#REF!,#REF!,0) -> #NAME? | N18: {=_xludf.XLOOKUP(D18,'KPS #48'!D:D,'KPS #48'!N:N,0)} -> #NAME? | O18: =_xludf.XLOOKUP($D18,#REF!,#REF!,0) -> #NAME? | P18: {=_xludf.XLOOKUP(D18,'KPS #48'!D:D,'KPS #48'!P:P,0)} -> #NAME? | Q18: =_xludf.XLOOKUP($D18,#REF!,#REF!,0) -> #NAME? | R18: {=_xludf.XLOOKUP(D18,'KPS #48'!D:D,'KPS #48'!R:R,0)} -> #NAME? | S18: =_xludf.XLOOKUP($D18,#REF!,#REF!,0) -> #NAME? | T18: {=_xludf.XLOOKUP(D18,'KPS #48'!D:D,'KPS #48'!T:T,0)} -> #NAME? | U18: =_xludf.XLOOKUP($D18,#REF!,#REF!,0) -> #NAME? | V18: {=_xludf.XLOOKUP(D18,'KPS #48'!D:D,'KPS #48'!V:V,0)} -> #NAME? | W18: =_xludf.XLOOKUP($D18,#REF!,#REF!,0) -> #NAME? | X18: =SUM(V18,T18,R18,P18,N18,L18,J18) -> #NAME? | Y18: =SUM(W18,U18,S18,Q18,O18,M18,K18) -> #NAME? | Z18: GR Shift 3 | AA18: =X18*IFERROR(VLOOKUP(D18,'Brand List'!$B:$D,3,0),0) -> #NAME? | AB18: =H18*IFERROR(VLOOKUP(D18,'Brand List'!$B:$D,3,0),0) -> #NAME? | AC18: =AA18-AB18 -> #NAME? | AD18: =_xlfn.XLOOKUP(D18,[1]Summary!$E:$E,[1]Summary!$L:$L,0) -> 0 | AE18: =AD18*X18 -> #NAME?
B19: PR Sejahtera Abadi | C19: SKM HT 12 | D19: BLS12 | E19: Balai Emas SKM HT 12S | F19: Malvin | Andry | G19: {=_xludf.XLOOKUP(D19,'KPS #48'!D:D,'KPS #48'!G:G,0)} -> #NAME? | H19: {=_xludf.XLOOKUP(D19,'KPS #48'!D:D,'KPS #48'!H:H,0)} -> #NAME? | I19: =IF(AND(H19=0,G19=0),"No Delivery",IF(COUNTA(J19,L19,N19,P19,R19,T19,V19)=1,"Delivery",IF(COUNTA(J19,L19,N19,P19,R19,T19,V19)>1,"Partial Delivery",IF(COUNTA(J19,L19,N19,P19,R19,T19,V19)=0,"Will be Updated")))) -> #NAME? | J19: {=_xludf.XLOOKUP(D19,'KPS #48'!D:D,'KPS #48'!J:J,0)} -> #NAME? | K19: =_xludf.XLOOKUP($D19,#REF!,#REF!,0) -> #NAME? | L19: {=_xludf.XLOOKUP(D19,'KPS #48'!D:D,'KPS #48'!L:L,0)} -> #NAME? | M19: =_xludf.XLOOKUP($D19,#REF!,#REF!,0) -> #NAME? | N19: {=_xludf.XLOOKUP(D19,'KPS #48'!D:D,'KPS #48'!N:N,0)} -> #NAME? | O19: =_xludf.XLOOKUP($D19,#REF!,#REF!,0) -> #NAME? | P19: {=_xludf.XLOOKUP(D19,'KPS #48'!D:D,'KPS #48'!P:P,0)} -> #NAME? | Q19: =_xludf.XLOOKUP($D19,#REF!,#REF!,0) -> #NAME? | R19: {=_xludf.XLOOKUP(D19,'KPS #48'!D:D,'KPS #48'!R:R,0)} -> #NAME? | S19: =_xludf.XLOOKUP($D19,#REF!,#REF!,0) -> #NAME? | T19: {=_xludf.XLOOKUP(D19,'KPS #48'!D:D,'KPS #48'!T:T,0)} -> #NAME? | U19: =_xludf.XLOOKUP($D19,#REF!,#REF!,0) -> #NAME? | V19: {=_xludf.XLOOKUP(D19,'KPS #48'!D:D,'KPS #48'!V:V,0)} -> #NAME? | W19: =_xludf.XLOOKUP($D19,#REF!,#REF!,0) -> #NAME? | X19: =SUM(V19,T19,R19,P19,N19,L19,J19) -> #NAME? | Y19: =SUM(W19,U19,S19,Q19,O19,M19,K19) -> #NAME? | AA19: =X19*IFERROR(VLOOKUP(D19,'Brand List'!$B:$D,3,0),0) -> #NAME? | AB19: =H19*IFERROR(VLOOKUP(D19,'Brand List'!$B:$D,3,0),0) -> #NAME? | AC19: =AA19-AB19 -> #NAME? | AD19: =_xlfn.XLOOKUP(D19,[1]Summary!$E:$E,[1]Summary!$L:$L,0) -> 0 | AE19: =AD19*X19 -> #NAME?
A20: =D20 -> ARM12 | B20: PT Bathara Sejahtera Abadi | C20: SKM HT 12 | D20: ARM12 | E20: Ares Mind Skm Ht 12S | F20: Malvin | Andry | G20: {=_xludf.XLOOKUP(D20,'KPS #48'!D:D,'KPS #48'!G:G,0)} -> #NAME? | H20: {=_xludf.XLOOKUP(D20,'KPS #48'!D:D,'KPS #48'!H:H,0)} -> #NAME? | I20: =IF(AND(H20=0,G20=0),"No Delivery",IF(COUNTA(J20,L20,N20,P20,R20,T20,V20)=1,"Delivery",IF(COUNTA(J20,L20,N20,P20,R20,T20,V20)>1,"Partial Delivery",IF(COUNTA(J20,L20,N20,P20,R20,T20,V20)=0,"Will be Updated")))) -> #NAME? | J20: {=_xludf.XLOOKUP(D20,'KPS #48'!D:D,'KPS #48'!J:J,0)} -> #NAME? | K20: =_xludf.XLOOKUP($D20,#REF!,#REF!,0) -> #NAME? | L20: {=_xludf.XLOOKUP(D20,'KPS #48'!D:D,'KPS #48'!L:L,0)} -> #NAME? | M20: =_xludf.XLOOKUP($D20,#REF!,#REF!,0) -> #NAME? | N20: {=_xludf.XLOOKUP(D20,'KPS #48'!D:D,'KPS #48'!N:N,0)} -> #NAME? | O20: =_xludf.XLOOKUP($D20,#REF!,#REF!,0) -> #NAME? | P20: {=_xludf.XLOOKUP(D20,'KPS #48'!D:D,'KPS #48'!P:P,0)} -> #NAME? | Q20: =_xludf.XLOOKUP($D20,#REF!,#REF!,0) -> #NAME? | R20: {=_xludf.XLOOKUP(D20,'KPS #48'!D:D,'KPS #48'!R:R,0)} -> #NAME? | S20: =_xludf.XLOOKUP($D20,#REF!,#REF!,0) -> #NAME? | T20: {=_xludf.XLOOKUP(D20,'KPS #48'!D:D,'KPS #48'!T:T,0)} -> #NAME? | U20: =_xludf.XLOOKUP($D20,#REF!,#REF!,0) -> #NAME? | V20: {=_xludf.XLOOKUP(D20,'KPS #48'!D:D,'KPS #48'!V:V,0)} -> #NAME? | W20: =_xludf.XLOOKUP($D20,#REF!,#REF!,0) -> #NAME? | X20: =SUM(V20,T20,R20,P20,N20,L20,J20) -> #NAME? | Y20: =SUM(W20,U20,S20,Q20,O20,M20,K20) -> #NAME? | AA20: =X20*IFERROR(VLOOKUP(D20,'Brand List'!$B:$D,3,0),0) -> #NAME? | AB20: =H20*IFERROR(VLOOKUP(D20,'Brand List'!$B:$D,3,0),0) -> #NAME? | AC20: =AA20-AB20 -> #NAME? | AD20: =_xlfn.XLOOKUP(D20,[1]Summary!$E:$E,[1]Summary!$L:$L,0) -> 0 | AE20: =AD20*X20 -> #NAME?
A21: =D21 -> ARM16 | B21: PT Bathara Sejahtera Abadi | C21: SKM HT 16 | D21: ARM16 | E21: Ares Mind Skm Ht 16S | F21: Malvin | Andry | G21: {=_xludf.XLOOKUP(D21,'KPS #48'!D:D,'KPS #48'!G:G,0)} -> #NAME? | H21: {=_xludf.XLOOKUP(D21,'KPS #48'!D:D,'KPS #48'!H:H,0)} -> #NAME? | I21: =IF(AND(H21=0,G21=0),"No Delivery",IF(COUNTA(J21,L21,N21,P21,R21,T21,V21)=1,"Delivery",IF(COUNTA(J21,L21,N21,P21,R21,T21,V21)>1,"Partial Delivery",IF(COUNTA(J21,L21,N21,P21,R21,T21,V21)=0,"Will be Updated")))) -> #NAME? | J21: {=_xludf.XLOOKUP(D21,'KPS #48'!D:D,'KPS #48'!J:J,0)} -> #NAME? | K21: =_xludf.XLOOKUP($D21,#REF!,#REF!,0) -> #NAME? | L21: {=_xludf.XLOOKUP(D21,'KPS #48'!D:D,'KPS #48'!L:L,0)} -> #NAME? | M21: =_xludf.XLOOKUP($D21,#REF!,#REF!,0) -> #NAME? | N21: {=_xludf.XLOOKUP(D21,'KPS #48'!D:D,'KPS #48'!N:N,0)} -> #NAME? | O21: =_xludf.XLOOKUP($D21,#REF!,#REF!,0) -> #NAME? | P21: {=_xludf.XLOOKUP(D21,'KPS #48'!D:D,'KPS #48'!P:P,0)} -> #NAME? | Q21: =_xludf.XLOOKUP($D21,#REF!,#REF!,0) -> #NAME? | R21: {=_xludf.XLOOKUP(D21,'KPS #48'!D:D,'KPS #48'!R:R,0)} -> #NAME? | S21: =_xludf.XLOOKUP($D21,#REF!,#REF!,0) -> #NAME? | T21: {=_xludf.XLOOKUP(D21,'KPS #48'!D:D,'KPS #48'!T:T,0)} -> #NAME? | U21: =_xludf.XLOOKUP($D21,#REF!,#REF!,0) -> #NAME? | V21: {=_xludf.XLOOKUP(D21,'KPS #48'!D:D,'KPS #48'!V:V,0)} -> #NAME? | W21: =_xludf.XLOOKUP($D21,#REF!,#REF!,0) -> #NAME? | X21: =SUM(V21,T21,R21,P21,N21,L21,J21) -> #NAME? | Y21: =SUM(W21,U21,S21,Q21,O21,M21,K21) -> #NAME? | AA21: =X21*IFERROR(VLOOKUP(D21,'Brand List'!$B:$D,3,0),0) -> #NAME? | AB21: =H21*IFERROR(VLOOKUP(D21,'Brand List'!$B:$D,3,0),0) -> #NAME? | AC21: =AA21-AB21 -> #NAME? | AD21: =_xlfn.XLOOKUP(D21,[1]Summary!$E:$E,[1]Summary!$L:$L,0) -> 0 | AE21: =AD21*X21 -> #NAME?
A22: =D22 -> ARK12 | B22: PT Bathara Sejahtera Abadi | C22: SKM HT 12 | D22: ARK12 | E22: Ares Kaizer Skm Ht 12S | F22: Malvin | Andry | G22: {=_xludf.XLOOKUP(D22,'KPS #48'!D:D,'KPS #48'!G:G,0)} -> #NAME? | H22: {=_xludf.XLOOKUP(D22,'KPS #48'!D:D,'KPS #48'!H:H,0)} -> #NAME? | I22: =IF(AND(H22=0,G22=0),"No Delivery",IF(COUNTA(J22,L22,N22,P22,R22,T22,V22)=1,"Delivery",IF(COUNTA(J22,L22,N22,P22,R22,T22,V22)>1,"Partial Delivery",IF(COUNTA(J22,L22,N22,P22,R22,T22,V22)=0,"Will be Updated")))) -> #NAME? | J22: {=_xludf.XLOOKUP(D22,'KPS #48'!D:D,'KPS #48'!J:J,0)} -> #NAME? | K22: =_xludf.XLOOKUP($D22,#REF!,#REF!,0) -> #NAME? | L22: {=_xludf.XLOOKUP(D22,'KPS #48'!D:D,'KPS #48'!L:L,0)} -> #NAME? | M22: =_xludf.XLOOKUP($D22,#REF!,#REF!,0) -> #NAME? | N22: {=_xludf.XLOOKUP(D22,'KPS #48'!D:D,'KPS #48'!N:N,0)} -> #NAME? | O22: =_xludf.XLOOKUP($D22,#REF!,#REF!,0) -> #NAME? | P22: {=_xludf.XLOOKUP(D22,'KPS #48'!D:D,'KPS #48'!P:P,0)} -> #NAME? | Q22: =_xludf.XLOOKUP($D22,#REF!,#REF!,0) -> #NAME? | R22: {=_xludf.XLOOKUP(D22,'KPS #48'!D:D,'KPS #48'!R:R,0)} -> #NAME? | S22: =_xludf.XLOOKUP($D22,#REF!,#REF!,0) -> #NAME? | T22: {=_xludf.XLOOKUP(D22,'KPS #48'!D:D,'KPS #48'!T:T,0)} -> #NAME? | U22: =_xludf.XLOOKUP($D22,#REF!,#REF!,0) -> #NAME? | V22: {=_xludf.XLOOKUP(D22,'KPS #48'!D:D,'KPS #48'!V:V,0)} -> #NAME? | W22: =_xludf.XLOOKUP($D22,#REF!,#REF!,0) -> #NAME? | X22: =SUM(V22,T22,R22,P22,N22,L22,J22) -> #NAME? | Y22: =SUM(W22,U22,S22,Q22,O22,M22,K22) -> #NAME? | AA22: =X22*IFERROR(VLOOKUP(D22,'Brand List'!$B:$D,3,0),0) -> #NAME? | AB22: =H22*IFERROR(VLOOKUP(D22,'Brand List'!$B:$D,3,0),0) -> #NAME? | AC22: =AA22-AB22 -> #NAME? | AD22: =_xlfn.XLOOKUP(D22,[1]Summary!$E:$E,[1]Summary!$L:$L,0) -> 0 | AE22: =AD22*X22 -> #NAME?
A23: =D23 -> ARB12 | B23: PT Bathara Sejahtera Abadi | C23: SKM HT 12 | D23: ARB12 | E23: Ares Bold Skm Ht 12S | F23: Malvin | Andry | G23: {=_xludf.XLOOKUP(D23,'KPS #48'!D:D,'KPS #48'!G:G,0)} -> #NAME? | H23: {=_xludf.XLOOKUP(D23,'KPS #48'!D:D,'KPS #48'!H:H,0)} -> #NAME? | I23: =IF(AND(H23=0,G23=0),"No Delivery",IF(COUNTA(J23,L23,N23,P23,R23,T23,V23)=1,"Delivery",IF(COUNTA(J23,L23,N23,P23,R23,T23,V23)>1,"Partial Delivery",IF(COUNTA(J23,L23,N23,P23,R23,T23,V23)=0,"Will be Updated")))) -> #NAME? | J23: {=_xludf.XLOOKUP(D23,'KPS #48'!D:D,'KPS #48'!J:J,0)} -> #NAME? | K23: =_xludf.XLOOKUP($D23,#REF!,#REF!,0) -> #NAME? | L23: {=_xludf.XLOOKUP(D23,'KPS #48'!D:D,'KPS #48'!L:L,0)} -> #NAME? | M23: =_xludf.XLOOKUP($D23,#REF!,#REF!,0) -> #NAME? | N23: {=_xludf.XLOOKUP(D23,'KPS #48'!D:D,'KPS #48'!N:N,0)} -> #NAME? | O23: =_xludf.XLOOKUP($D23,#REF!,#REF!,0) -> #NAME? | P23: {=_xludf.XLOOKUP(D23,'KPS #48'!D:D,'KPS #48'!P:P,0)} -> #NAME? | Q23: =_xludf.XLOOKUP($D23,#REF!,#REF!,0) -> #NAME? | R23: {=_xludf.XLOOKUP(D23,'KPS #48'!D:D,'KPS #48'!R:R,0)} -> #NAME? | S23: =_xludf.XLOOKUP($D23,#REF!,#REF!,0) -> #NAME? | T23: {=_xludf.XLOOKUP(D23,'KPS #48'!D:D,'KPS #48'!T:T,0)} -> #NAME? | U23: =_xludf.XLOOKUP($D23,#REF!,#REF!,0) -> #NAME? | V23: {=_xludf.XLOOKUP(D23,'KPS #48'!D:D,'KPS #48'!V:V,0)} -> #NAME? | W23: =_xludf.XLOOKUP($D23,#REF!,#REF!,0) -> #NAME? | X23: =SUM(V23,T23,R23,P23,N23,L23,J23) -> #NAME? | Y23: =SUM(W23,U23,S23,Q23,O23,M23,K23) -> #NAME? | Z23: GR Shift 3 | AA23: =X23*IFERROR(VLOOKUP(D23,'Brand List'!$B:$D,3,0),0) -> #NAME? | AB23: =H23*IFERROR(VLOOKUP(D23,'Brand List'!$B:$D,3,0),0) -> #NAME? | AC23: =AA23-AB23 -> #NAME? | AD23: =_xlfn.XLOOKUP(D23,[1]Summary!$E:$E,[1]Summary!$L:$L,0) -> 0 | AE23: =AD23*X23 -> #NAME?
A24: =D24 -> ARB20 | B24: PT Bathara Sejahtera Abadi | C24: SKM HT 20 | D24: ARB20 | E24: Ares Bold Skm Ht 20S | F24: Malvin | Andry | G24: {=_xludf.XLOOKUP(D24,'KPS #48'!D:D,'KPS #48'!G:G,0)} -> #NAME? | H24: {=_xludf.XLOOKUP(D24,'KPS #48'!D:D,'KPS #48'!H:H,0)} -> #NAME? | I24: =IF(AND(H24=0,G24=0),"No Delivery",IF(COUNTA(J24,L24,N24,P24,R24,T24,V24)=1,"Delivery",IF(COUNTA(J24,L24,N24,P24,R24,T24,V24)>1,"Partial Delivery",IF(COUNTA(J24,L24,N24,P24,R24,T24,V24)=0,"Will be Updated")))) -> #NAME? | J24: {=_xludf.XLOOKUP(D24,'KPS #48'!D:D,'KPS #48'!J:J,0)} -> #NAME? | K24: =_xludf.XLOOKUP($D24,#REF!,#REF!,0) -> #NAME? | L24: {=_xludf.XLOOKUP(D24,'KPS #48'!D:D,'KPS #48'!L:L,0)} -> #NAME? | M24: =_xludf.XLOOKUP($D24,#REF!,#REF!,0) -> #NAME? | N24: {=_xludf.XLOOKUP(D24,'KPS #48'!D:D,'KPS #48'!N:N,0)} -> #NAME? | O24: =_xludf.XLOOKUP($D24,#REF!,#REF!,0) -> #NAME? | P24: {=_xludf.XLOOKUP(D24,'KPS #48'!D:D,'KPS #48'!P:P,0)} -> #NAME? | Q24: =_xludf.XLOOKUP($D24,#REF!,#REF!,0) -> #NAME? | R24: {=_xludf.XLOOKUP(D24,'KPS #48'!D:D,'KPS #48'!R:R,0)} -> #NAME? | S24: =_xludf.XLOOKUP($D24,#REF!,#REF!,0) -> #NAME? | T24: {=_xludf.XLOOKUP(D24,'KPS #48'!D:D,'KPS #48'!T:T,0)} -> #NAME? | U24: =_xludf.XLOOKUP($D24,#REF!,#REF!,0) -> #NAME? | V24: {=_xludf.XLOOKUP(D24,'KPS #48'!D:D,'KPS #48'!V:V,0)} -> #NAME? | W24: =_xludf.XLOOKUP($D24,#REF!,#REF!,0) -> #NAME? | X24: =SUM(V24,T24,R24,P24,N24,L24,J24) -> #NAME? | Y24: =SUM(W24,U24,S24,Q24,O24,M24,K24) -> #NAME? | Z24: GR Shift 3 | AA24: =X24*IFERROR(VLOOKUP(D24,'Brand List'!$B:$D,3,0),0) -> #NAME? | AB24: =H24*IFERROR(VLOOKUP(D24,'Brand List'!$B:$D,3,0),0) -> #NAME? | AC24: =AA24-AB24 -> #NAME? | AD24: =_xlfn.XLOOKUP(D24,[1]Summary!$E:$E,[1]Summary!$L:$L,0) -> 0 | AE24: =AD24*X24 -> #NAME?
A25: =D25 -> ARL16 | B25: PT Bathara Sejahtera Abadi | C25: SKM LT 16 | D25: ARL16 | E25: Ares Lite Skm 16S | F25: Malvin | Andry | G25: {=_xludf.XLOOKUP(D25,'KPS #48'!D:D,'KPS #48'!G:G,0)} -> #NAME? | H25: {=_xludf.XLOOKUP(D25,'KPS #48'!D:D,'KPS #48'!H:H,0)} -> #NAME? | I25: =IF(AND(H25=0,G25=0),"No Delivery",IF(COUNTA(J25,L25,N25,P25,R25,T25,V25)=1,"Delivery",IF(COUNTA(J25,L25,N25,P25,R25,T25,V25)>1,"Partial Delivery",IF(COUNTA(J25,L25,N25,P25,R25,T25,V25)=0,"Will be Updated")))) -> #NAME? | J25: {=_xludf.XLOOKUP(D25,'KPS #48'!D:D,'KPS #48'!J:J,0)} -> #NAME? | K25: =_xludf.XLOOKUP($D25,#REF!,#REF!,0) -> #NAME? | L25: {=_xludf.XLOOKUP(D25,'KPS #48'!D:D,'KPS #48'!L:L,0)} -> #NAME? | M25: =_xludf.XLOOKUP($D25,#REF!,#REF!,0) -> #NAME? | N25: {=_xludf.XLOOKUP(D25,'KPS #48'!D:D,'KPS #48'!N:N,0)} -> #NAME? | O25: =_xludf.XLOOKUP($D25,#REF!,#REF!,0) -> #NAME? | P25: {=_xludf.XLOOKUP(D25,'KPS #48'!D:D,'KPS #48'!P:P,0)} -> #NAME? | Q25: =_xludf.XLOOKUP($D25,#REF!,#REF!,0) -> #NAME? | R25: {=_xludf.XLOOKUP(D25,'KPS #48'!D:D,'KPS #48'!R:R,0)} -> #NAME? | S25: =_xludf.XLOOKUP($D25,#REF!,#REF!,0) -> #NAME? | T25: {=_xludf.XLOOKUP(D25,'KPS #48'!D:D,'KPS #48'!T:T,0)} -> #NAME? | U25: =_xludf.XLOOKUP($D25,#REF!,#REF!,0) -> #NAME? | V25: {=_xludf.XLOOKUP(D25,'KPS #48'!D:D,'KPS #48'!V:V,0)} -> #NAME? | W25: =_xludf.XLOOKUP($D25,#REF!,#REF!,0) -> #NAME? | X25: =SUM(V25,T25,R25,P25,N25,L25,J25) -> #NAME? | Y25: =SUM(W25,U25,S25,Q25,O25,M25,K25) -> #NAME? | AA25: =X25*IFERROR(VLOOKUP(D25,'Brand List'!$B:$D,3,0),0) -> #NAME? | AB25: =H25*IFERROR(VLOOKUP(D25,'Brand List'!$B:$D,3,0),0) -> #NAME? | AC25: =AA25-AB25 -> #NAME? | AD25: =_xlfn.XLOOKUP(D25,[1]Summary!$E:$E,[1]Summary!$L:$L,0) -> 0 | AE25: =AD25*X25 -> #NAME?
A26: =D26 -> BRW12 | B26: PT Alam Raya Amerta Subur Makmur | C26: SKT 12 | D26: BRW12 | E26: Birawa Skt 12S | F26: Edward | Andry | G26: {=_xludf.XLOOKUP(D26,'KPS #48'!D:D,'KPS #48'!G:G,0)} -> #NAME? | H26: {=_xludf.XLOOKUP(D26,'KPS #48'!D:D,'KPS #48'!H:H,0)} -> #NAME? | I26: =IF(AND(H26=0,G26=0),"No Delivery",IF(COUNTA(J26,L26,N26,P26,R26,T26,V26)=1,"Delivery",IF(COUNTA(J26,L26,N26,P26,R26,T26,V26)>1,"Partial Delivery",IF(COUNTA(J26,L26,N26,P26,R26,T26,V26)=0,"Will be Updated")))) -> #NAME? | J26: {=_xludf.XLOOKUP(D26,'KPS #48'!D:D,'KPS #48'!J:J,0)} -> #NAME? | K26: =_xludf.XLOOKUP($D26,#REF!,#REF!,0) -> #NAME? | L26: {=_xludf.XLOOKUP(D26,'KPS #48'!D:D,'KPS #48'!L:L,0)} -> #NAME? | M26: =_xludf.XLOOKUP($D26,#REF!,#REF!,0) -> #NAME? | N26: {=_xludf.XLOOKUP(D26,'KPS #48'!D:D,'KPS #48'!N:N,0)} -> #NAME? | O26: =_xludf.XLOOKUP($D26,#REF!,#REF!,0) -> #NAME? | P26: {=_xludf.XLOOKUP(D26,'KPS #48'!D:D,'KPS #48'!P:P,0)} -> #NAME? | Q26: =_xludf.XLOOKUP($D26,#REF!,#REF!,0) -> #NAME? | R26: {=_xludf.XLOOKUP(D26,'KPS #48'!D:D,'KPS #48'!R:R,0)} -> #NAME? | S26: =_xludf.XLOOKUP($D26,#REF!,#REF!,0) -> #NAME? | T26: {=_xludf.XLOOKUP(D26,'KPS #48'!D:D,'KPS #48'!T:T,0)} -> #NAME? | U26: =_xludf.XLOOKUP($D26,#REF!,#REF!,0) -> #NAME? | V26: {=_xludf.XLOOKUP(D26,'KPS #48'!D:D,'KPS #48'!V:V,0)} -> #NAME? | W26: =_xludf.XLOOKUP($D26,#REF!,#REF!,0) -> #NAME? | X26: =SUM(V26,T26,R26,P26,N26,L26,J26) -> #NAME? | Y26: =SUM(W26,U26,S26,Q26,O26,M26,K26) -> #NAME? | AA26: =X26*IFERROR(VLOOKUP(D26,'Brand List'!$B:$D,3,0),0) -> #NAME? | AB26: =H26*IFERROR(VLOOKUP(D26,'Brand List'!$B:$D,3,0),0) -> #NAME? | AC26: =AA26-AB26 -> #NAME? | AD26: =_xlfn.XLOOKUP(D26,[1]Summary!$E:$E,[1]Summary!$L:$L,0) -> 0 | AE26: =AD26*X26 -> #NAME?
A27: =D27 -> SRS12 | B27: PT Artha Jaya | C27: SKT 12 | D27: SRS12 | E27: Serasa Skt 12S | F27: Edward | Andry | G27: {=_xludf.XLOOKUP(D27,'KPS #48'!D:D,'KPS #48'!G:G,0)} -> #NAME? | H27: {=_xludf.XLOOKUP(D27,'KPS #48'!D:D,'KPS #48'!H:H,0)} -> #NAME? | I27: =IF(AND(H27=0,G27=0),"No Delivery",IF(COUNTA(J27,L27,N27,P27,R27,T27,V27)=1,"Delivery",IF(COUNTA(J27,L27,N27,P27,R27,T27,V27)>1,"Partial Delivery",IF(COUNTA(J27,L27,N27,P27,R27,T27,V27)=0,"Will be Updated")))) -> #NAME? | J27: {=_xludf.XLOOKUP(D27,'KPS #48'!D:D,'KPS #48'!J:J,0)} -> #NAME? | K27: =_xludf.XLOOKUP($D27,#REF!,#REF!,0) -> #NAME? | L27: {=_xludf.XLOOKUP(D27,'KPS #48'!D:D,'KPS #48'!L:L,0)} -> #NAME? | M27: =_xludf.XLOOKUP($D27,#REF!,#REF!,0) -> #NAME? | N27: {=_xludf.XLOOKUP(D27,'KPS #48'!D:D,'KPS #48'!N:N,0)} -> #NAME? | O27: =_xludf.XLOOKUP($D27,#REF!,#REF!,0) -> #NAME? | P27: {=_xludf.XLOOKUP(D27,'KPS #48'!D:D,'KPS #48'!P:P,0)} -> #NAME? | Q27: =_xludf.XLOOKUP($D27,#REF!,#REF!,0) -> #NAME? | R27: {=_xludf.XLOOKUP(D27,'KPS #48'!D:D,'KPS #48'!R:R,0)} -> #NAME? | S27: =_xludf.XLOOKUP($D27,#REF!,#REF!,0) -> #NAME? | T27: {=_xludf.XLOOKUP(D27,'KPS #48'!D:D,'KPS #48'!T:T,0)} -> #NAME? | U27: =_xludf.XLOOKUP($D27,#REF!,#REF!,0) -> #NAME? | V27: {=_xludf.XLOOKUP(D27,'KPS #48'!D:D,'KPS #48'!V:V,0)} -> #NAME? | W27: =_xludf.XLOOKUP($D27,#REF!,#REF!,0) -> #NAME? | X27: =SUM(V27,T27,R27,P27,N27,L27,J27) -> #NAME? | Y27: =SUM(W27,U27,S27,Q27,O27,M27,K27) -> #NAME? | Z27: 50 box po kps 46 to be confirm | AA27: =X27*IFERROR(VLOOKUP(D27,'Brand List'!$B:$D,3,0),0) -> #NAME? | AB27: =H27*IFERROR(VLOOKUP(D27,'Brand List'!$B:$D,3,0),0) -> #NAME? | AC27: =AA27-AB27 -> #NAME? | AD27: =_xlfn.XLOOKUP(D27,[1]Summary!$E:$E,[1]Summary!$L:$L,0) -> 0 | AE27: =AD27*X27 -> #NAME?
A28: =D28 -> SRS16 | B28: PT Artha Jaya | C28: SKT 16 | D28: SRS16 | E28: Serasa Skt 16S | F28: Edward | Andry | G28: {=_xludf.XLOOKUP(D28,'KPS #48'!D:D,'KPS #48'!G:G,0)} -> #NAME? | H28: {=_xludf.XLOOKUP(D28,'KPS #48'!D:D,'KPS #48'!H:H,0)} -> #NAME? | I28: =IF(AND(H28=0,G28=0),"No Delivery",IF(COUNTA(J28,L28,N28,P28,R28,T28,V28)=1,"Delivery",IF(COUNTA(J28,L28,N28,P28,R28,T28,V28)>1,"Partial Delivery",IF(COUNTA(J28,L28,N28,P28,R28,T28,V28)=0,"Will be Updated")))) -> #NAME? | J28: {=_xludf.XLOOKUP(D28,'KPS #48'!D:D,'KPS #48'!J:J,0)} -> #NAME? | K28: =_xludf.XLOOKUP($D28,#REF!,#REF!,0) -> #NAME? | L28: {=_xludf.XLOOKUP(D28,'KPS #48'!D:D,'KPS #48'!L:L,0)} -> #NAME? | M28: =_xludf.XLOOKUP($D28,#REF!,#REF!,0) -> #NAME? | N28: {=_xludf.XLOOKUP(D28,'KPS #48'!D:D,'KPS #48'!N:N,0)} -> #NAME? | O28: =_xludf.XLOOKUP($D28,#REF!,#REF!,0) -> #NAME? | P28: {=_xludf.XLOOKUP(D28,'KPS #48'!D:D,'KPS #48'!P:P,0)} -> #NAME? | Q28: =_xludf.XLOOKUP($D28,#REF!,#REF!,0) -> #NAME? | R28: {=_xludf.XLOOKUP(D28,'KPS #48'!D:D,'KPS #48'!R:R,0)} -> #NAME? | S28: =_xludf.XLOOKUP($D28,#REF!,#REF!,0) -> #NAME? | T28: {=_xludf.XLOOKUP(D28,'KPS #48'!D:D,'KPS #48'!T:T,0)} -> #NAME? | U28: =_xludf.XLOOKUP($D28,#REF!,#REF!,0) -> #NAME? | V28: {=_xludf.XLOOKUP(D28,'KPS #48'!D:D,'KPS #48'!V:V,0)} -> #NAME? | W28: =_xludf.XLOOKUP($D28,#REF!,#REF!,0) -> #NAME? | X28: =SUM(V28,T28,R28,P28,N28,L28,J28) -> #NAME? | Y28: =SUM(W28,U28,S28,Q28,O28,M28,K28) -> #NAME? | Z28: Remaining outstand 150 box po kps 45 | AA28: =X28*IFERROR(VLOOKUP(D28,'Brand List'!$B:$D,3,0),0) -> #NAME? | AB28: =H28*IFERROR(VLOOKUP(D28,'Brand List'!$B:$D,3,0),0) -> #NAME? | AC28: =AA28-AB28 -> #NAME? | AD28: =_xlfn.XLOOKUP(D28,[1]Summary!$E:$E,[1]Summary!$L:$L,0) -> 0 | AE28: =AD28*X28 -> #NAME?
A29: =D29 -> POS16 | B29: PT Artha Jaya | C29: SKM LT 16 | D29: POS16 | E29: Post X Skm Lt16S | F29: Edward | Andry | G29: {=_xludf.XLOOKUP(D29,'KPS #48'!D:D,'KPS #48'!G:G,0)} -> #NAME? | H29: {=_xludf.XLOOKUP(D29,'KPS #48'!D:D,'KPS #48'!H:H,0)} -> #NAME? | I29: =IF(AND(H29=0,G29=0),"No Delivery",IF(COUNTA(J29,L29,N29,P29,R29,T29,V29)=1,"Delivery",IF(COUNTA(J29,L29,N29,P29,R29,T29,V29)>1,"Partial Delivery",IF(COUNTA(J29,L29,N29,P29,R29,T29,V29)=0,"Will be Updated")))) -> #NAME? | J29: {=_xludf.XLOOKUP(D29,'KPS #48'!D:D,'KPS #48'!J:J,0)} -> #NAME? | K29: =_xludf.XLOOKUP($D29,#REF!,#REF!,0) -> #NAME? | L29: {=_xludf.XLOOKUP(D29,'KPS #48'!D:D,'KPS #48'!L:L,0)} -> #NAME? | M29: =_xludf.XLOOKUP($D29,#REF!,#REF!,0) -> #NAME? | N29: {=_xludf.XLOOKUP(D29,'KPS #48'!D:D,'KPS #48'!N:N,0)} -> #NAME? | O29: =_xludf.XLOOKUP($D29,#REF!,#REF!,0) -> #NAME? | P29: {=_xludf.XLOOKUP(D29,'KPS #48'!D:D,'KPS #48'!P:P,0)} -> #NAME? | Q29: =_xludf.XLOOKUP($D29,#REF!,#REF!,0) -> #NAME? | R29: {=_xludf.XLOOKUP(D29,'KPS #48'!D:D,'KPS #48'!R:R,0)} -> #NAME? | S29: =_xludf.XLOOKUP($D29,#REF!,#REF!,0) -> #NAME? | T29: {=_xludf.XLOOKUP(D29,'KPS #48'!D:D,'KPS #48'!T:T,0)} -> #NAME? | U29: =_xludf.XLOOKUP($D29,#REF!,#REF!,0) -> #NAME? | V29: {=_xludf.XLOOKUP(D29,'KPS #48'!D:D,'KPS #48'!V:V,0)} -> #NAME? | W29: =_xludf.XLOOKUP($D29,#REF!,#REF!,0) -> #NAME? | X29: =SUM(V29,T29,R29,P29,N29,L29,J29) -> #NAME? | Y29: =SUM(W29,U29,S29,Q29,O29,M29,K29) -> #NAME? | AA29: =X29*IFERROR(VLOOKUP(D29,'Brand List'!$B:$D,3,0),0) -> #NAME? | AB29: =H29*IFERROR(VLOOKUP(D29,'Brand List'!$B:$D,3,0),0) -> #NAME? | AC29: =AA29-AB29 -> #NAME? | AD29: =_xlfn.XLOOKUP(D29,[1]Summary!$E:$E,[1]Summary!$L:$L,0) -> 0 | AE29: =AD29*X29 -> #NAME?
A30: =D30 -> TTL16 | B30: PT Artha Jaya | C30: SKM LT 16 | D30: TTL16 | E30: Total Skm Lt16S | F30: Edward | Andry | G30: {=_xludf.XLOOKUP(D30,'KPS #48'!D:D,'KPS #48'!G:G,0)} -> #NAME? | H30: {=_xludf.XLOOKUP(D30,'KPS #48'!D:D,'KPS #48'!H:H,0)} -> #NAME? | I30: =IF(AND(H30=0,G30=0),"No Delivery",IF(COUNTA(J30,L30,N30,P30,R30,T30,V30)=1,"Delivery",IF(COUNTA(J30,L30,N30,P30,R30,T30,V30)>1,"Partial Delivery",IF(COUNTA(J30,L30,N30,P30,R30,T30,V30)=0,"Will be Updated")))) -> #NAME? | J30: {=_xludf.XLOOKUP(D30,'KPS #48'!D:D,'KPS #48'!J:J,0)} -> #NAME? | K30: =_xludf.XLOOKUP($D30,#REF!,#REF!,0) -> #NAME? | L30: {=_xludf.XLOOKUP(D30,'KPS #48'!D:D,'KPS #48'!L:L,0)} -> #NAME? | M30: =_xludf.XLOOKUP($D30,#REF!,#REF!,0) -> #NAME? | N30: {=_xludf.XLOOKUP(D30,'KPS #48'!D:D,'KPS #48'!N:N,0)} -> #NAME? | O30: =_xludf.XLOOKUP($D30,#REF!,#REF!,0) -> #NAME? | P30: {=_xludf.XLOOKUP(D30,'KPS #48'!D:D,'KPS #48'!P:P,0)} -> #NAME? | Q30: =_xludf.XLOOKUP($D30,#REF!,#REF!,0) -> #NAME? | R30: {=_xludf.XLOOKUP(D30,'KPS #48'!D:D,'KPS #48'!R:R,0)} -> #NAME? | S30: =_xludf.XLOOKUP($D30,#REF!,#REF!,0) -> #NAME? | T30: {=_xludf.XLOOKUP(D30,'KPS #48'!D:D,'KPS #48'!T:T,0)} -> #NAME? | U30: =_xludf.XLOOKUP($D30,#REF!,#REF!,0) -> #NAME? | V30: {=_xludf.XLOOKUP(D30,'KPS #48'!D:D,'KPS #48'!V:V,0)} -> #NAME? | W30: =_xludf.XLOOKUP($D30,#REF!,#REF!,0) -> #NAME? | X30: =SUM(V30,T30,R30,P30,N30,L30,J30) -> #NAME? | Y30: =SUM(W30,U30,S30,Q30,O30,M30,K30) -> #NAME? | AA30: =X30*IFERROR(VLOOKUP(D30,'Brand List'!$B:$D,3,0),0) -> #NAME? | AB30: =H30*IFERROR(VLOOKUP(D30,'Brand List'!$B:$D,3,0),0) -> #NAME? | AC30: =AA30-AB30 -> #NAME? | AD30: =_xlfn.XLOOKUP(D30,[1]Summary!$E:$E,[1]Summary!$L:$L,0) -> 0 | AE30: =AD30*X30 -> #NAME?
A31: =D31 -> VKT16 | B31: PT Besuk Sukses Harmoni | C31: SKT 16 | D31: VKT16 | E31: Version Skt 16S | F31: Edward | Andry | G31: {=_xludf.XLOOKUP(D31,'KPS #48'!D:D,'KPS #48'!G:G,0)} -> #NAME? | H31: {=_xludf.XLOOKUP(D31,'KPS #48'!D:D,'KPS #48'!H:H,0)} -> #NAME? | I31: =IF(AND(H31=0,G31=0),"No Delivery",IF(COUNTA(J31,L31,N31,P31,R31,T31,V31)=1,"Delivery",IF(COUNTA(J31,L31,N31,P31,R31,T31,V31)>1,"Partial Delivery",IF(COUNTA(J31,L31,N31,P31,R31,T31,V31)=0,"Will be Updated")))) -> #NAME? | J31: {=_xludf.XLOOKUP(D31,'KPS #48'!D:D,'KPS #48'!J:J,0)} -> #NAME? | K31: =_xludf.XLOOKUP($D31,#REF!,#REF!,0) -> #NAME? | L31: {=_xludf.XLOOKUP(D31,'KPS #48'!D:D,'KPS #48'!L:L,0)} -> #NAME? | M31: =_xludf.XLOOKUP($D31,#REF!,#REF!,0) -> #NAME? | N31: {=_xludf.XLOOKUP(D31,'KPS #48'!D:D,'KPS #48'!N:N,0)} -> #NAME? | O31: =_xludf.XLOOKUP($D31,#REF!,#REF!,0) -> #NAME? | P31: {=_xludf.XLOOKUP(D31,'KPS #48'!D:D,'KPS #48'!P:P,0)} -> #NAME? | Q31: =_xludf.XLOOKUP($D31,#REF!,#REF!,0) -> #NAME? | R31: {=_xludf.XLOOKUP(D31,'KPS #48'!D:D,'KPS #48'!R:R,0)} -> #NAME? | S31: =_xludf.XLOOKUP($D31,#REF!,#REF!,0) -> #NAME? | T31: {=_xludf.XLOOKUP(D31,'KPS #48'!D:D,'KPS #48'!T:T,0)} -> #NAME? | U31: =_xludf.XLOOKUP($D31,#REF!,#REF!,0) -> #NAME? | V31: {=_xludf.XLOOKUP(D31,'KPS #48'!D:D,'KPS #48'!V:V,0)} -> #NAME? | W31: =_xludf.XLOOKUP($D31,#REF!,#REF!,0) -> #NAME? | X31: =SUM(V31,T31,R31,P31,N31,L31,J31) -> #NAME? | Y31: =SUM(W31,U31,S31,Q31,O31,M31,K31) -> #NAME? | AA31: =X31*IFERROR(VLOOKUP(D31,'Brand List'!$B:$D,3,0),0) -> #NAME? | AB31: =H31*IFERROR(VLOOKUP(D31,'Brand List'!$B:$D,3,0),0) -> #NAME? | AC31: =AA31-AB31 -> #NAME? | AD31: =_xlfn.XLOOKUP(D31,[1]Summary!$E:$E,[1]Summary!$L:$L,0) -> 0 | AE31: =AD31*X31 -> #NAME?
A32: =D32 -> SLT12 | B32: PT Batu Karang | C32: SKT 12 | D32: SLT12 | E32: Salitis (153) Skt 12S | F32: Edward | Andry | G32: {=_xludf.XLOOKUP(D32,'KPS #48'!D:D,'KPS #48'!G:G,0)} -> #NAME? | H32: {=_xludf.XLOOKUP(D32,'KPS #48'!D:D,'KPS #48'!H:H,0)} -> #NAME? | I32: =IF(AND(H32=0,G32=0),"No Delivery",IF(COUNTA(J32,L32,N32,P32,R32,T32,V32)=1,"Delivery",IF(COUNTA(J32,L32,N32,P32,R32,T32,V32)>1,"Partial Delivery",IF(COUNTA(J32,L32,N32,P32,R32,T32,V32)=0,"Will be Updated")))) -> #NAME? | J32: {=_xludf.XLOOKUP(D32,'KPS #48'!D:D,'KPS #48'!J:J,0)} -> #NAME? | K32: =_xludf.XLOOKUP($D32,#REF!,#REF!,0) -> #NAME? | L32: {=_xludf.XLOOKUP(D32,'KPS #48'!D:D,'KPS #48'!L:L,0)} -> #NAME? | M32: =_xludf.XLOOKUP($D32,#REF!,#REF!,0) -> #NAME? | N32: {=_xludf.XLOOKUP(D32,'KPS #48'!D:D,'KPS #48'!N:N,0)} -> #NAME? | O32: =_xludf.XLOOKUP($D32,#REF!,#REF!,0) -> #NAME? | P32: {=_xludf.XLOOKUP(D32,'KPS #48'!D:D,'KPS #48'!P:P,0)} -> #NAME? | Q32: =_xludf.XLOOKUP($D32,#REF!,#REF!,0) -> #NAME? | R32: {=_xludf.XLOOKUP(D32,'KPS #48'!D:D,'KPS #48'!R:R,0)} -> #NAME? | S32: =_xludf.XLOOKUP($D32,#REF!,#REF!,0) -> #NAME? | T32: {=_xludf.XLOOKUP(D32,'KPS #48'!D:D,'KPS #48'!T:T,0)} -> #NAME? | U32: =_xludf.XLOOKUP($D32,#REF!,#REF!,0) -> #NAME? | V32: {=_xludf.XLOOKUP(D32,'KPS #48'!D:D,'KPS #48'!V:V,0)} -> #NAME? | W32: =_xludf.XLOOKUP($D32,#REF!,#REF!,0) -> #NAME? | X32: =SUM(V32,T32,R32,P32,N32,L32,J32) -> #NAME? | Y32: =SUM(W32,U32,S32,Q32,O32,M32,K32) -> #NAME? | AA32: =X32*IFERROR(VLOOKUP(D32,'Brand List'!$B:$D,3,0),0) -> #NAME? | AB32: =H32*IFERROR(VLOOKUP(D32,'Brand List'!$B:$D,3,0),0) -> #NAME? | AC32: =AA32-AB32 -> #NAME? | AD32: =_xlfn.XLOOKUP(D32,[1]Summary!$E:$E,[1]Summary!$L:$L,0) -> 0 | AE32: =AD32*X32 -> #NAME?
A33: =D33 -> SLT16 | B33: PT Batu Karang | C33: SKT 16 | D33: SLT16 | E33: Salitis (153) Skt 16S | F33: Edward | Andry | G33: {=_xludf.XLOOKUP(D33,'KPS #48'!D:D,'KPS #48'!G:G,0)} -> #NAME? | H33: {=_xludf.XLOOKUP(D33,'KPS #48'!D:D,'KPS #48'!H:H,0)} -> #NAME? | I33: =IF(AND(H33=0,G33=0),"No Delivery",IF(COUNTA(J33,L33,N33,P33,R33,T33,V33)=1,"Delivery",IF(COUNTA(J33,L33,N33,P33,R33,T33,V33)>1,"Partial Delivery",IF(COUNTA(J33,L33,N33,P33,R33,T33,V33)=0,"Will be Updated")))) -> #NAME? | J33: {=_xludf.XLOOKUP(D33,'KPS #48'!D:D,'KPS #48'!J:J,0)} -> #NAME? | K33: =_xludf.XLOOKUP($D33,#REF!,#REF!,0) -> #NAME? | L33: {=_xludf.XLOOKUP(D33,'KPS #48'!D:D,'KPS #48'!L:L,0)} -> #NAME? | M33: =_xludf.XLOOKUP($D33,#REF!,#REF!,0) -> #NAME? | N33: {=_xludf.XLOOKUP(D33,'KPS #48'!D:D,'KPS #48'!N:N,0)} -> #NAME? | O33: =_xludf.XLOOKUP($D33,#REF!,#REF!,0) -> #NAME? | P33: {=_xludf.XLOOKUP(D33,'KPS #48'!D:D,'KPS #48'!P:P,0)} -> #NAME? | Q33: =_xludf.XLOOKUP($D33,#REF!,#REF!,0) -> #NAME? | R33: {=_xludf.XLOOKUP(D33,'KPS #48'!D:D,'KPS #48'!R:R,0)} -> #NAME? | S33: =_xludf.XLOOKUP($D33,#REF!,#REF!,0) -> #NAME? | T33: {=_xludf.XLOOKUP(D33,'KPS #48'!D:D,'KPS #48'!T:T,0)} -> #NAME? | U33: =_xludf.XLOOKUP($D33,#REF!,#REF!,0) -> #NAME? | V33: {=_xludf.XLOOKUP(D33,'KPS #48'!D:D,'KPS #48'!V:V,0)} -> #NAME? | W33: =_xludf.XLOOKUP($D33,#REF!,#REF!,0) -> #NAME? | X33: =SUM(V33,T33,R33,P33,N33,L33,J33) -> #NAME? | Y33: =SUM(W33,U33,S33,Q33,O33,M33,K33) -> #NAME? | AA33: =X33*IFERROR(VLOOKUP(D33,'Brand List'!$B:$D,3,0),0) -> #NAME? | AB33: =H33*IFERROR(VLOOKUP(D33,'Brand List'!$B:$D,3,0),0) -> #NAME? | AC33: =AA33-AB33 -> #NAME? | AD33: =_xlfn.XLOOKUP(D33,[1]Summary!$E:$E,[1]Summary!$L:$L,0) -> 0 | AE33: =AD33*X33 -> #NAME?
A34: =D34 -> SLT20 | B34: PT Batu Karang | C34: SKT 20 | D34: SLT20 | E34: Salitis (153) Skt 16S | F34: Edward | Andry | G34: {=_xludf.XLOOKUP(D34,'KPS #48'!D:D,'KPS #48'!G:G,0)} -> #NAME? | H34: {=_xludf.XLOOKUP(D34,'KPS #48'!D:D,'KPS #48'!H:H,0)} -> #NAME? | I34: =IF(AND(H34=0,G34=0),"No Delivery",IF(COUNTA(J34,L34,N34,P34,R34,T34,V34)=1,"Delivery",IF(COUNTA(J34,L34,N34,P34,R34,T34,V34)>1,"Partial Delivery",IF(COUNTA(J34,L34,N34,P34,R34,T34,V34)=0,"Will be Updated")))) -> #NAME? | J34: {=_xludf.XLOOKUP(D34,'KPS #48'!D:D,'KPS #48'!J:J,0)} -> #NAME? | K34: =_xludf.XLOOKUP($D34,#REF!,#REF!,0) -> #NAME? | L34: {=_xludf.XLOOKUP(D34,'KPS #48'!D:D,'KPS #48'!L:L,0)} -> #NAME? | M34: =_xludf.XLOOKUP($D34,#REF!,#REF!,0) -> #NAME? | N34: {=_xludf.XLOOKUP(D34,'KPS #48'!D:D,'KPS #48'!N:N,0)} -> #NAME? | O34: =_xludf.XLOOKUP($D34,#REF!,#REF!,0) -> #NAME? | P34: {=_xludf.XLOOKUP(D34,'KPS #48'!D:D,'KPS #48'!P:P,0)} -> #NAME? | Q34: =_xludf.XLOOKUP($D34,#REF!,#REF!,0) -> #NAME? | R34: {=_xludf.XLOOKUP(D34,'KPS #48'!D:D,'KPS #48'!R:R,0)} -> #NAME? | S34: =_xludf.XLOOKUP($D34,#REF!,#REF!,0) -> #NAME? | T34: {=_xludf.XLOOKUP(D34,'KPS #48'!D:D,'KPS #48'!T:T,0)} -> #NAME? | U34: =_xludf.XLOOKUP($D34,#REF!,#REF!,0) -> #NAME? | V34: {=_xludf.XLOOKUP(D34,'KPS #48'!D:D,'KPS #48'!V:V,0)} -> #NAME? | W34: =_xludf.XLOOKUP($D34,#REF!,#REF!,0) -> #NAME? | X34: =SUM(V34,T34,R34,P34,N34,L34,J34) -> #NAME? | Y34: =SUM(W34,U34,S34,Q34,O34,M34,K34) -> #NAME? | AA34: =X34*IFERROR(VLOOKUP(D34,'Brand List'!$B:$D,3,0),0) -> #NAME? | AB34: =H34*IFERROR(VLOOKUP(D34,'Brand List'!$B:$D,3,0),0) -> #NAME? | AC34: =AA34-AB34 -> #NAME? | AD34: =_xlfn.XLOOKUP(D34,[1]Summary!$E:$E,[1]Summary!$L:$L,0) -> 0 | AE34: =AD34*X34 -> #NAME?
A35: =D35 -> KBL12 | B35: CV Pancaran Sinar Mentari | C35: SKT 12 | D35: KBL12 | E35: Kabel Skt 12S | F35: Edward | Andry | G35: {=_xludf.XLOOKUP(D35,'KPS #48'!D:D,'KPS #48'!G:G,0)} -> #NAME? | H35: {=_xludf.XLOOKUP(D35,'KPS #48'!D:D,'KPS #48'!H:H,0)} -> #NAME? | I35: =IF(AND(H35=0,G35=0),"No Delivery",IF(COUNTA(J35,L35,N35,P35,R35,T35,V35)=1,"Delivery",IF(COUNTA(J35,L35,N35,P35,R35,T35,V35)>1,"Partial Delivery",IF(COUNTA(J35,L35,N35,P35,R35,T35,V35)=0,"Will be Updated")))) -> #NAME? | J35: {=_xludf.XLOOKUP(D35,'KPS #48'!D:D,'KPS #48'!J:J,0)} -> #NAME? | K35: =_xludf.XLOOKUP($D35,#REF!,#REF!,0) -> #NAME? | L35: {=_xludf.XLOOKUP(D35,'KPS #48'!D:D,'KPS #48'!L:L,0)} -> #NAME? | M35: =_xludf.XLOOKUP($D35,#REF!,#REF!,0) -> #NAME? | N35: {=_xludf.XLOOKUP(D35,'KPS #48'!D:D,'KPS #48'!N:N,0)} -> #NAME? | O35: =_xludf.XLOOKUP($D35,#REF!,#REF!,0) -> #NAME? | P35: {=_xludf.XLOOKUP(D35,'KPS #48'!D:D,'KPS #48'!P:P,0)} -> #NAME? | Q35: =_xludf.XLOOKUP($D35,#REF!,#REF!,0) -> #NAME? | R35: {=_xludf.XLOOKUP(D35,'KPS #48'!D:D,'KPS #48'!R:R,0)} -> #NAME? | S35: =_xludf.XLOOKUP($D35,#REF!,#REF!,0) -> #NAME? | T35: {=_xludf.XLOOKUP(D35,'KPS #48'!D:D,'KPS #48'!T:T,0)} -> #NAME? | U35: =_xludf.XLOOKUP($D35,#REF!,#REF!,0) -> #NAME? | V35: {=_xludf.XLOOKUP(D35,'KPS #48'!D:D,'KPS #48'!V:V,0)} -> #NAME? | W35: =_xludf.XLOOKUP($D35,#REF!,#REF!,0) -> #NAME? | X35: =SUM(V35,T35,R35,P35,N35,L35,J35) -> #NAME? | Y35: =SUM(W35,U35,S35,Q35,O35,M35,K35) -> #NAME? | Z35: Remaining 40 box po kps 45 to be confirm | AA35: =X35*IFERROR(VLOOKUP(D35,'Brand List'!$B:$D,3,0),0) -> #NAME? | AB35: =H35*IFERROR(VLOOKUP(D35,'Brand List'!$B:$D,3,0),0) -> #NAME? | AC35: =AA35-AB35 -> #NAME? | AD35: =_xlfn.XLOOKUP(D35,[1]Summary!$E:$E,[1]Summary!$L:$L,0) -> 0 | AE35: =AD35*X35 -> #NAME?
A36: =D36 -> LND20 | B36: CV Pancaran Sinar Mentari | C36: SKT 20 | D36: LND20 | E36: Lima Dan Dua Skt 20S | F36: Edward | Andry | G36: {=_xludf.XLOOKUP(D36,'KPS #48'!D:D,'KPS #48'!G:G,0)} -> #NAME? | H36: {=_xludf.XLOOKUP(D36,'KPS #48'!D:D,'KPS #48'!H:H,0)} -> #NAME? | I36: =IF(AND(H36=0,G36=0),"No Delivery",IF(COUNTA(J36,L36,N36,P36,R36,T36,V36)=1,"Delivery",IF(COUNTA(J36,L36,N36,P36,R36,T36,V36)>1,"Partial Delivery",IF(COUNTA(J36,L36,N36,P36,R36,T36,V36)=0,"Will be Updated")))) -> #NAME? | J36: {=_xludf.XLOOKUP(D36,'KPS #48'!D:D,'KPS #48'!J:J,0)} -> #NAME? | K36: =_xludf.XLOOKUP($D36,#REF!,#REF!,0) -> #NAME? | L36: {=_xludf.XLOOKUP(D36,'KPS #48'!D:D,'KPS #48'!L:L,0)} -> #NAME? | M36: =_xludf.XLOOKUP($D36,#REF!,#REF!,0) -> #NAME? | N36: {=_xludf.XLOOKUP(D36,'KPS #48'!D:D,'KPS #48'!N:N,0)} -> #NAME? | O36: =_xludf.XLOOKUP($D36,#REF!,#REF!,0) -> #NAME? | P36: {=_xludf.XLOOKUP(D36,'KPS #48'!D:D,'KPS #48'!P:P,0)} -> #NAME? | Q36: =_xludf.XLOOKUP($D36,#REF!,#REF!,0) -> #NAME? | R36: {=_xludf.XLOOKUP(D36,'KPS #48'!D:D,'KPS #48'!R:R,0)} -> #NAME? | S36: =_xludf.XLOOKUP($D36,#REF!,#REF!,0) -> #NAME? | T36: {=_xludf.XLOOKUP(D36,'KPS #48'!D:D,'KPS #48'!T:T,0)} -> #NAME? | U36: =_xludf.XLOOKUP($D36,#REF!,#REF!,0) -> #NAME? | V36: {=_xludf.XLOOKUP(D36,'KPS #48'!D:D,'KPS #48'!V:V,0)} -> #NAME? | W36: =_xludf.XLOOKUP($D36,#REF!,#REF!,0) -> #NAME? | X36: =SUM(V36,T36,R36,P36,N36,L36,J36) -> #NAME? | Y36: =SUM(W36,U36,S36,Q36,O36,M36,K36) -> #NAME? | AA36: =X36*IFERROR(VLOOKUP(D36,'Brand List'!$B:$D,3,0),0) -> #NAME? | AB36: =H36*IFERROR(VLOOKUP(D36,'Brand List'!$B:$D,3,0),0) -> #NAME? | AC36: =AA36-AB36 -> #NAME? | AD36: =_xlfn.XLOOKUP(D36,[1]Summary!$E:$E,[1]Summary!$L:$L,0) -> 0 | AE36: =AD36*X36 -> #NAME?
A37: =D37 -> BAJ12 | B37: PT Daun Emas Nustantara (DEN) | C37: SKT 12 | D37: BAJ12 | E37: Baja Skt 12S | F37: Vincent | Lariza | G37: {=_xludf.XLOOKUP(D37,'KPS #48'!D:D,'KPS #48'!G:G,0)} -> #NAME? | H37: {=_xludf.XLOOKUP(D37,'KPS #48'!D:D,'KPS #48'!H:H,0)} -> #NAME? | I37: =IF(AND(H37=0,G37=0),"No Delivery",IF(COUNTA(J37,L37,N37,P37,R37,T37,V37)=1,"Delivery",IF(COUNTA(J37,L37,N37,P37,R37,T37,V37)>1,"Partial Delivery",IF(COUNTA(J37,L37,N37,P37,R37,T37,V37)=0,"Will be Updated")))) -> #NAME? | J37: {=_xludf.XLOOKUP(D37,'KPS #48'!D:D,'KPS #48'!J:J,0)} -> #NAME? | K37: =_xludf.XLOOKUP($D37,#REF!,#REF!,0) -> #NAME? | L37: {=_xludf.XLOOKUP(D37,'KPS #48'!D:D,'KPS #48'!L:L,0)} -> #NAME? | M37: =_xludf.XLOOKUP($D37,#REF!,#REF!,0) -> #NAME? | N37: {=_xludf.XLOOKUP(D37,'KPS #48'!D:D,'KPS #48'!N:N,0)} -> #NAME? | O37: =_xludf.XLOOKUP($D37,#REF!,#REF!,0) -> #NAME? | P37: {=_xludf.XLOOKUP(D37,'KPS #48'!D:D,'KPS #48'!P:P,0)} -> #NAME? | Q37: =_xludf.XLOOKUP($D37,#REF!,#REF!,0) -> #NAME? | R37: {=_xludf.XLOOKUP(D37,'KPS #48'!D:D,'KPS #48'!R:R,0)} -> #NAME? | S37: =_xludf.XLOOKUP($D37,#REF!,#REF!,0) -> #NAME? | T37: {=_xludf.XLOOKUP(D37,'KPS #48'!D:D,'KPS #48'!T:T,0)} -> #NAME? | U37: =_xludf.XLOOKUP($D37,#REF!,#REF!,0) -> #NAME? | V37: {=_xludf.XLOOKUP(D37,'KPS #48'!D:D,'KPS #48'!V:V,0)} -> #NAME? | W37: =_xludf.XLOOKUP($D37,#REF!,#REF!,0) -> #NAME? | X37: =SUM(V37,T37,R37,P37,N37,L37,J37) -> #NAME? | Y37: =SUM(W37,U37,S37,Q37,O37,M37,K37) -> #NAME? | AA37: =X37*IFERROR(VLOOKUP(D37,'Brand List'!$B:$D,3,0),0) -> #NAME? | AB37: =H37*IFERROR(VLOOKUP(D37,'Brand List'!$B:$D,3,0),0) -> #NAME? | AC37: =AA37-AB37 -> #NAME? | AD37: =_xlfn.XLOOKUP(D37,[1]Summary!$E:$E,[1]Summary!$L:$L,0) -> 0 | AE37: =AD37*X37 -> #NAME?
A38: =D38 -> NIA16 | B38: PT Daun Emas Nustantara (DEN) | C38: SKT 12 | D38: NIA16 | E38: Nian Skt 16S | F38: Vincent | Lariza | G38: {=_xludf.XLOOKUP(D38,'KPS #48'!D:D,'KPS #48'!G:G,0)} -> #NAME? | H38: {=_xludf.XLOOKUP(D38,'KPS #48'!D:D,'KPS #48'!H:H,0)} -> #NAME? | I38: =IF(AND(H38=0,G38=0),"No Delivery",IF(COUNTA(J38,L38,N38,P38,R38,T38,V38)=1,"Delivery",IF(COUNTA(J38,L38,N38,P38,R38,T38,V38)>1,"Partial Delivery",IF(COUNTA(J38,L38,N38,P38,R38,T38,V38)=0,"Will be Updated")))) -> #NAME? | J38: {=_xludf.XLOOKUP(D38,'KPS #48'!D:D,'KPS #48'!J:J,0)} -> #NAME? | K38: =_xludf.XLOOKUP($D38,#REF!,#REF!,0) -> #NAME? | L38: {=_xludf.XLOOKUP(D38,'KPS #48'!D:D,'KPS #48'!L:L,0)} -> #NAME? | M38: =_xludf.XLOOKUP($D38,#REF!,#REF!,0) -> #NAME? | N38: {=_xludf.XLOOKUP(D38,'KPS #48'!D:D,'KPS #48'!N:N,0)} -> #NAME? | O38: =_xludf.XLOOKUP($D38,#REF!,#REF!,0) -> #NAME? | P38: {=_xludf.XLOOKUP(D38,'KPS #48'!D:D,'KPS #48'!P:P,0)} -> #NAME? | Q38: =_xludf.XLOOKUP($D38,#REF!,#REF!,0) -> #NAME? | R38: {=_xludf.XLOOKUP(D38,'KPS #48'!D:D,'KPS #48'!R:R,0)} -> #NAME? | S38: =_xludf.XLOOKUP($D38,#REF!,#REF!,0) -> #NAME? | T38: {=_xludf.XLOOKUP(D38,'KPS #48'!D:D,'KPS #48'!T:T,0)} -> #NAME? | U38: =_xludf.XLOOKUP($D38,#REF!,#REF!,0) -> #NAME? | V38: {=_xludf.XLOOKUP(D38,'KPS #48'!D:D,'KPS #48'!V:V,0)} -> #NAME? | W38: =_xludf.XLOOKUP($D38,#REF!,#REF!,0) -> #NAME? | X38: =SUM(V38,T38,R38,P38,N38,L38,J38) -> #NAME? | Y38: =SUM(W38,U38,S38,Q38,O38,M38,K38) -> #NAME? | Z38: GR Shift 3 | AA38: =X38*IFERROR(VLOOKUP(D38,'Brand List'!$B:$D,3,0),0) -> #NAME? | AB38: =H38*IFERROR(VLOOKUP(D38,'Brand List'!$B:$D,3,0),0) -> #NAME? | AC38: =AA38-AB38 -> #NAME? | AD38: =_xlfn.XLOOKUP(D38,[1]Summary!$E:$E,[1]Summary!$L:$L,0) -> 0 | AE38: =AD38*X38 -> #NAME?
A39: =D39 -> SLR12 | B39: CV PR Restu Yesmaju | C39: SKT 12 | D39: SLR12 | E39: Selera Hijau Sejuk Skt 12S | F39: Vincent |Johan | G39: {=_xludf.XLOOKUP(D39,'KPS #48'!D:D,'KPS #48'!G:G,0)} -> #NAME? | H39: {=_xludf.XLOOKUP(D39,'KPS #48'!D:D,'KPS #48'!H:H,0)} -> #NAME? | I39: =IF(AND(H39=0,G39=0),"No Delivery",IF(COUNTA(J39,L39,N39,P39,R39,T39,V39)=1,"Delivery",IF(COUNTA(J39,L39,N39,P39,R39,T39,V39)>1,"Partial Delivery",IF(COUNTA(J39,L39,N39,P39,R39,T39,V39)=0,"Will be Updated")))) -> #NAME? | J39: {=_xludf.XLOOKUP(D39,'KPS #48'!D:D,'KPS #48'!J:J,0)} -> #NAME? | K39: =_xludf.XLOOKUP($D39,#REF!,#REF!,0) -> #NAME? | L39: {=_xludf.XLOOKUP(D39,'KPS #48'!D:D,'KPS #48'!L:L,0)} -> #NAME? | M39: =_xludf.XLOOKUP($D39,#REF!,#REF!,0) -> #NAME? | N39: {=_xludf.XLOOKUP(D39,'KPS #48'!D:D,'KPS #48'!N:N,0)} -> #NAME? | O39: =_xludf.XLOOKUP($D39,#REF!,#REF!,0) -> #NAME? | P39: {=_xludf.XLOOKUP(D39,'KPS #48'!D:D,'KPS #48'!P:P,0)} -> #NAME? | Q39: =_xludf.XLOOKUP($D39,#REF!,#REF!,0) -> #NAME? | R39: {=_xludf.XLOOKUP(D39,'KPS #48'!D:D,'KPS #48'!R:R,0)} -> #NAME? | S39: =_xludf.XLOOKUP($D39,#REF!,#REF!,0) -> #NAME? | T39: {=_xludf.XLOOKUP(D39,'KPS #48'!D:D,'KPS #48'!T:T,0)} -> #NAME? | U39: =_xludf.XLOOKUP($D39,#REF!,#REF!,0) -> #NAME? | V39: {=_xludf.XLOOKUP(D39,'KPS #48'!D:D,'KPS #48'!V:V,0)} -> #NAME? | W39: =_xludf.XLOOKUP($D39,#REF!,#REF!,0) -> #NAME? | X39: =SUM(V39,T39,R39,P39,N39,L39,J39) -> #NAME? | Y39: =SUM(W39,U39,S39,Q39,O39,M39,K39) -> #NAME? | AA39: =X39*IFERROR(VLOOKUP(D39,'Brand List'!$B:$D,3,0),0) -> #NAME? | AB39: =H39*IFERROR(VLOOKUP(D39,'Brand List'!$B:$D,3,0),0) -> #NAME? | AC39: =AA39-AB39 -> #NAME? | AD39: =_xlfn.XLOOKUP(D39,[1]Summary!$E:$E,[1]Summary!$L:$L,0) -> 0 | AE39: =AD39*X39 -> #NAME?
A40: =D40 -> SLP12 | B40: CV PR Restu Yesmaju | C40: SKT 12 | D40: SLP12 | E40: Selera Sari Pucuk Skt 12S | F40: Vincent |Johan | G40: {=_xludf.XLOOKUP(D40,'KPS #48'!D:D,'KPS #48'!G:G,0)} -> #NAME? | H40: {=_xludf.XLOOKUP(D40,'KPS #48'!D:D,'KPS #48'!H:H,0)} -> #NAME? | I40: =IF(AND(H40=0,G40=0),"No Delivery",IF(COUNTA(J40,L40,N40,P40,R40,T40,V40)=1,"Delivery",IF(COUNTA(J40,L40,N40,P40,R40,T40,V40)>1,"Partial Delivery",IF(COUNTA(J40,L40,N40,P40,R40,T40,V40)=0,"Will be Updated")))) -> #NAME? | J40: {=_xludf.XLOOKUP(D40,'KPS #48'!D:D,'KPS #48'!J:J,0)} -> #NAME? | K40: =_xludf.XLOOKUP($D40,#REF!,#REF!,0) -> #NAME? | L40: {=_xludf.XLOOKUP(D40,'KPS #48'!D:D,'KPS #48'!L:L,0)} -> #NAME? | M40: =_xludf.XLOOKUP($D40,#REF!,#REF!,0) -> #NAME? | N40: {=_xludf.XLOOKUP(D40,'KPS #48'!D:D,'KPS #48'!N:N,0)} -> #NAME? | O40: =_xludf.XLOOKUP($D40,#REF!,#REF!,0) -> #NAME? | P40: {=_xludf.XLOOKUP(D40,'KPS #48'!D:D,'KPS #48'!P:P,0)} -> #NAME? | Q40: =_xludf.XLOOKUP($D40,#REF!,#REF!,0) -> #NAME? | R40: {=_xludf.XLOOKUP(D40,'KPS #48'!D:D,'KPS #48'!R:R,0)} -> #NAME? | S40: =_xludf.XLOOKUP($D40,#REF!,#REF!,0) -> #NAME? | T40: {=_xludf.XLOOKUP(D40,'KPS #48'!D:D,'KPS #48'!T:T,0)} -> #NAME? | U40: =_xludf.XLOOKUP($D40,#REF!,#REF!,0) -> #NAME? | V40: {=_xludf.XLOOKUP(D40,'KPS #48'!D:D,'KPS #48'!V:V,0)} -> #NAME? | W40: =_xludf.XLOOKUP($D40,#REF!,#REF!,0) -> #NAME? | X40: =SUM(V40,T40,R40,P40,N40,L40,J40) -> #NAME? | Y40: =SUM(W40,U40,S40,Q40,O40,M40,K40) -> #NAME? | Z40: PO kps 47 = 550 box arrive in Fri kps 46 (Sat GR Shift 3) | AA40: =X40*IFERROR(VLOOKUP(D40,'Brand List'!$B:$D,3,0),0) -> #NAME? | AB40: =H40*IFERROR(VLOOKUP(D40,'Brand List'!$B:$D,3,0),0) -> #NAME? | AC40: =AA40-AB40 -> #NAME? | AD40: =_xlfn.XLOOKUP(D40,[1]Summary!$E:$E,[1]Summary!$L:$L,0) -> 0 | AE40: =AD40*X40 -> #NAME?
A41: =D41 -> SLO12 | B41: CV PR Restu Yesmaju | C41: SKT 12 | D41: SLO12 | E41: Selera Origin Skt 12S | F41: Vincent |Johan | G41: {=_xludf.XLOOKUP(D41,'KPS #48'!D:D,'KPS #48'!G:G,0)} -> #NAME? | H41: {=_xludf.XLOOKUP(D41,'KPS #48'!D:D,'KPS #48'!H:H,0)} -> #NAME? | I41: =IF(AND(H41=0,G41=0),"No Delivery",IF(COUNTA(J41,L41,N41,P41,R41,T41,V41)=1,"Delivery",IF(COUNTA(J41,L41,N41,P41,R41,T41,V41)>1,"Partial Delivery",IF(COUNTA(J41,L41,N41,P41,R41,T41,V41)=0,"Will be Updated")))) -> #NAME? | J41: {=_xludf.XLOOKUP(D41,'KPS #48'!D:D,'KPS #48'!J:J,0)} -> #NAME? | K41: =_xludf.XLOOKUP($D41,#REF!,#REF!,0) -> #NAME? | L41: {=_xludf.XLOOKUP(D41,'KPS #48'!D:D,'KPS #48'!L:L,0)} -> #NAME? | M41: =_xludf.XLOOKUP($D41,#REF!,#REF!,0) -> #NAME? | N41: {=_xludf.XLOOKUP(D41,'KPS #48'!D:D,'KPS #48'!N:N,0)} -> #NAME? | O41: =_xludf.XLOOKUP($D41,#REF!,#REF!,0) -> #NAME? | P41: {=_xludf.XLOOKUP(D41,'KPS #48'!D:D,'KPS #48'!P:P,0)} -> #NAME? | Q41: =_xludf.XLOOKUP($D41,#REF!,#REF!,0) -> #NAME? | R41: {=_xludf.XLOOKUP(D41,'KPS #48'!D:D,'KPS #48'!R:R,0)} -> #NAME? | S41: =_xludf.XLOOKUP($D41,#REF!,#REF!,0) -> #NAME? | T41: {=_xludf.XLOOKUP(D41,'KPS #48'!D:D,'KPS #48'!T:T,0)} -> #NAME? | U41: =_xludf.XLOOKUP($D41,#REF!,#REF!,0) -> #NAME? | V41: {=_xludf.XLOOKUP(D41,'KPS #48'!D:D,'KPS #48'!V:V,0)} -> #NAME? | W41: =_xludf.XLOOKUP($D41,#REF!,#REF!,0) -> #NAME? | X41: =SUM(V41,T41,R41,P41,N41,L41,J41) -> #NAME? | Y41: =SUM(W41,U41,S41,Q41,O41,M41,K41) -> #NAME? | Z41: GR Shift 3 | AA41: =X41*IFERROR(VLOOKUP(D41,'Brand List'!$B:$D,3,0),0) -> #NAME? | AB41: =H41*IFERROR(VLOOKUP(D41,'Brand List'!$B:$D,3,0),0) -> #NAME? | AC41: =AA41-AB41 -> #NAME? | AD41: =_xlfn.XLOOKUP(D41,[1]Summary!$E:$E,[1]Summary!$L:$L,0) -> 0 | AE41: =AD41*X41 -> #NAME?
A42: =D42 -> KPT12 | B42: CV PR Restu Yesmaju | C42: SKT 12 | D42: KPT12 | E42: Kapten Skt 12S | F42: Vincent |Johan | G42: {=_xludf.XLOOKUP(D42,'KPS #48'!D:D,'KPS #48'!G:G,0)} -> #NAME? | H42: {=_xludf.XLOOKUP(D42,'KPS #48'!D:D,'KPS #48'!H:H,0)} -> #NAME? | I42: =IF(AND(H42=0,G42=0),"No Delivery",IF(COUNTA(J42,L42,N42,P42,R42,T42,V42)=1,"Delivery",IF(COUNTA(J42,L42,N42,P42,R42,T42,V42)>1,"Partial Delivery",IF(COUNTA(J42,L42,N42,P42,R42,T42,V42)=0,"Will be Updated")))) -> #NAME? | J42: {=_xludf.XLOOKUP(D42,'KPS #48'!D:D,'KPS #48'!J:J,0)} -> #NAME? | K42: =_xludf.XLOOKUP($D42,#REF!,#REF!,0) -> #NAME? | L42: {=_xludf.XLOOKUP(D42,'KPS #48'!D:D,'KPS #48'!L:L,0)} -> #NAME? | M42: =_xludf.XLOOKUP($D42,#REF!,#REF!,0) -> #NAME? | N42: {=_xludf.XLOOKUP(D42,'KPS #48'!D:D,'KPS #48'!N:N,0)} -> #NAME? | O42: =_xludf.XLOOKUP($D42,#REF!,#REF!,0) -> #NAME? | P42: {=_xludf.XLOOKUP(D42,'KPS #48'!D:D,'KPS #48'!P:P,0)} -> #NAME? | Q42: =_xludf.XLOOKUP($D42,#REF!,#REF!,0) -> #NAME? | R42: {=_xludf.XLOOKUP(D42,'KPS #48'!D:D,'KPS #48'!R:R,0)} -> #NAME? | S42: =_xludf.XLOOKUP($D42,#REF!,#REF!,0) -> #NAME? | T42: {=_xludf.XLOOKUP(D42,'KPS #48'!D:D,'KPS #48'!T:T,0)} -> #NAME? | U42: =_xludf.XLOOKUP($D42,#REF!,#REF!,0) -> #NAME? | V42: {=_xludf.XLOOKUP(D42,'KPS #48'!D:D,'KPS #48'!V:V,0)} -> #NAME? | W42: =_xludf.XLOOKUP($D42,#REF!,#REF!,0) -> #NAME? | X42: =SUM(V42,T42,R42,P42,N42,L42,J42) -> #NAME? | Y42: =SUM(W42,U42,S42,Q42,O42,M42,K42) -> #NAME? | AA42: =X42*IFERROR(VLOOKUP(D42,'Brand List'!$B:$D,3,0),0) -> #NAME? | AB42: =H42*IFERROR(VLOOKUP(D42,'Brand List'!$B:$D,3,0),0) -> #NAME? | AC42: =AA42-AB42 -> #NAME? | AD42: =_xlfn.XLOOKUP(D42,[1]Summary!$E:$E,[1]Summary!$L:$L,0) -> 0 | AE42: =AD42*X42 -> #NAME?
A43: =D43 -> RKT16 | B43: CV Rejeki Barokah Amin | C43: SKT 16 | D43: RKT16 | E43: Region Kretek 16S | F43: Jose |Johan | G43: {=_xludf.XLOOKUP(D43,'KPS #48'!D:D,'KPS #48'!G:G,0)} -> #NAME? | H43: {=_xludf.XLOOKUP(D43,'KPS #48'!D:D,'KPS #48'!H:H,0)} -> #NAME? | I43: =IF(AND(H43=0,G43=0),"No Delivery",IF(COUNTA(J43,L43,N43,P43,R43,T43,V43)=1,"Delivery",IF(COUNTA(J43,L43,N43,P43,R43,T43,V43)>1,"Partial Delivery",IF(COUNTA(J43,L43,N43,P43,R43,T43,V43)=0,"Will be Updated")))) -> #NAME? | J43: {=_xludf.XLOOKUP(D43,'KPS #48'!D:D,'KPS #48'!J:J,0)} -> #NAME? | K43: =_xludf.XLOOKUP($D43,#REF!,#REF!,0) -> #NAME? | L43: {=_xludf.XLOOKUP(D43,'KPS #48'!D:D,'KPS #48'!L:L,0)} -> #NAME? | M43: =_xludf.XLOOKUP($D43,#REF!,#REF!,0) -> #NAME? | N43: {=_xludf.XLOOKUP(D43,'KPS #48'!D:D,'KPS #48'!N:N,0)} -> #NAME? | O43: =_xludf.XLOOKUP($D43,#REF!,#REF!,0) -> #NAME? | P43: {=_xludf.XLOOKUP(D43,'KPS #48'!D:D,'KPS #48'!P:P,0)} -> #NAME? | Q43: =_xludf.XLOOKUP($D43,#REF!,#REF!,0) -> #NAME? | R43: {=_xludf.XLOOKUP(D43,'KPS #48'!D:D,'KPS #48'!R:R,0)} -> #NAME? | S43: =_xludf.XLOOKUP($D43,#REF!,#REF!,0) -> #NAME? | T43: {=_xludf.XLOOKUP(D43,'KPS #48'!D:D,'KPS #48'!T:T,0)} -> #NAME? | U43: =_xludf.XLOOKUP($D43,#REF!,#REF!,0) -> #NAME? | V43: {=_xludf.XLOOKUP(D43,'KPS #48'!D:D,'KPS #48'!V:V,0)} -> #NAME? | W43: =_xludf.XLOOKUP($D43,#REF!,#REF!,0) -> #NAME? | X43: =SUM(V43,T43,R43,P43,N43,L43,J43) -> #NAME? | Y43: =SUM(W43,U43,S43,Q43,O43,M43,K43) -> #NAME? | Z43: PO kps 47 = 110 box arrive in Fri kps 46 & 150 box arrive in Sat kps 46 || GR Shift 3 | AA43: =X43*IFERROR(VLOOKUP(D43,'Brand List'!$B:$D,3,0),0) -> #NAME? | AB43: =H43*IFERROR(VLOOKUP(D43,'Brand List'!$B:$D,3,0),0) -> #NAME? | AC43: =AA43-AB43 -> #NAME? | AD43: =_xlfn.XLOOKUP(D43,[1]Summary!$E:$E,[1]Summary!$L:$L,0) -> 0 | AE43: =AD43*X43 -> #NAME?
A44: =D44 -> VOK12 | B44: CV Kian Djaja | C44: SKT 12 | D44: VOK12 | E44: Vokal Jingga Harum Skt 12S | F44: Jose |Johan | G44: {=_xludf.XLOOKUP(D44,'KPS #48'!D:D,'KPS #48'!G:G,0)} -> #NAME? | H44: {=_xludf.XLOOKUP(D44,'KPS #48'!D:D,'KPS #48'!H:H,0)} -> #NAME? | I44: =IF(AND(H44=0,G44=0),"No Delivery",IF(COUNTA(J44,L44,N44,P44,R44,T44,V44)=1,"Delivery",IF(COUNTA(J44,L44,N44,P44,R44,T44,V44)>1,"Partial Delivery",IF(COUNTA(J44,L44,N44,P44,R44,T44,V44)=0,"Will be Updated")))) -> #NAME? | J44: {=_xludf.XLOOKUP(D44,'KPS #48'!D:D,'KPS #48'!J:J,0)} -> #NAME? | K44: =_xludf.XLOOKUP($D44,#REF!,#REF!,0) -> #NAME? | L44: {=_xludf.XLOOKUP(D44,'KPS #48'!D:D,'KPS #48'!L:L,0)} -> #NAME? | M44: =_xludf.XLOOKUP($D44,#REF!,#REF!,0) -> #NAME? | N44: {=_xludf.XLOOKUP(D44,'KPS #48'!D:D,'KPS #48'!N:N,0)} -> #NAME? | O44: =_xludf.XLOOKUP($D44,#REF!,#REF!,0) -> #NAME? | P44: {=_xludf.XLOOKUP(D44,'KPS #48'!D:D,'KPS #48'!P:P,0)} -> #NAME? | Q44: =_xludf.XLOOKUP($D44,#REF!,#REF!,0) -> #NAME? | R44: {=_xludf.XLOOKUP(D44,'KPS #48'!D:D,'KPS #48'!R:R,0)} -> #NAME? | S44: =_xludf.XLOOKUP($D44,#REF!,#REF!,0) -> #NAME? | T44: {=_xludf.XLOOKUP(D44,'KPS #48'!D:D,'KPS #48'!T:T,0)} -> #NAME? | U44: =_xludf.XLOOKUP($D44,#REF!,#REF!,0) -> #NAME? | V44: {=_xludf.XLOOKUP(D44,'KPS #48'!D:D,'KPS #48'!V:V,0)} -> #NAME? | W44: =_xludf.XLOOKUP($D44,#REF!,#REF!,0) -> #NAME? | X44: =SUM(V44,T44,R44,P44,N44,L44,J44) -> #NAME? | Y44: =SUM(W44,U44,S44,Q44,O44,M44,K44) -> #NAME? | AA44: =X44*IFERROR(VLOOKUP(D44,'Brand List'!$B:$D,3,0),0) -> #NAME? | AB44: =H44*IFERROR(VLOOKUP(D44,'Brand List'!$B:$D,3,0),0) -> #NAME? | AC44: =AA44-AB44 -> #NAME? | AD44: =_xlfn.XLOOKUP(D44,[1]Summary!$E:$E,[1]Summary!$L:$L,0) -> 0 | AE44: =AD44*X44 -> #NAME?
A45: =D45 -> NAT20 | B45: PT Ongkowidjojo | C45: SKM HT 20 | D45: NAT20 | E45: Nation Bold Ht 20S | F45: Jose |Johan | G45: {=_xludf.XLOOKUP(D45,'KPS #48'!D:D,'KPS #48'!G:G,0)} -> #NAME? | H45: {=_xludf.XLOOKUP(D45,'KPS #48'!D:D,'KPS #48'!H:H,0)} -> #NAME? | I45: =IF(AND(H45=0,G45=0),"No Delivery",IF(COUNTA(J45,L45,N45,P45,R45,T45,V45)=1,"Delivery",IF(COUNTA(J45,L45,N45,P45,R45,T45,V45)>1,"Partial Delivery",IF(COUNTA(J45,L45,N45,P45,R45,T45,V45)=0,"Will be Updated")))) -> #NAME? | J45: {=_xludf.XLOOKUP(D45,'KPS #48'!D:D,'KPS #48'!J:J,0)} -> #NAME? | K45: =_xludf.XLOOKUP($D45,#REF!,#REF!,0) -> #NAME? | L45: {=_xludf.XLOOKUP(D45,'KPS #48'!D:D,'KPS #48'!L:L,0)} -> #NAME? | M45: =_xludf.XLOOKUP($D45,#REF!,#REF!,0) -> #NAME? | N45: {=_xludf.XLOOKUP(D45,'KPS #48'!D:D,'KPS #48'!N:N,0)} -> #NAME? | O45: =_xludf.XLOOKUP($D45,#REF!,#REF!,0) -> #NAME? | P45: {=_xludf.XLOOKUP(D45,'KPS #48'!D:D,'KPS #48'!P:P,0)} -> #NAME? | Q45: =_xludf.XLOOKUP($D45,#REF!,#REF!,0) -> #NAME? | R45: {=_xludf.XLOOKUP(D45,'KPS #48'!D:D,'KPS #48'!R:R,0)} -> #NAME? | S45: =_xludf.XLOOKUP($D45,#REF!,#REF!,0) -> #NAME? | T45: {=_xludf.XLOOKUP(D45,'KPS #48'!D:D,'KPS #48'!T:T,0)} -> #NAME? | U45: =_xludf.XLOOKUP($D45,#REF!,#REF!,0) -> #NAME? | V45: {=_xludf.XLOOKUP(D45,'KPS #48'!D:D,'KPS #48'!V:V,0)} -> #NAME? | W45: =_xludf.XLOOKUP($D45,#REF!,#REF!,0) -> #NAME? | X45: =SUM(V45,T45,R45,P45,N45,L45,J45) -> #NAME? | Y45: =SUM(W45,U45,S45,Q45,O45,M45,K45) -> #NAME? | Z45: Po kps 47 = 425 box arrive in Sat kps 46 & 405 box arrive in Sun kps 46 || GR Shift 3 | AA45: =X45*IFERROR(VLOOKUP(D45,'Brand List'!$B:$D,3,0),0) -> #NAME? | AB45: =H45*IFERROR(VLOOKUP(D45,'Brand List'!$B:$D,3,0),0) -> #NAME? | AC45: =AA45-AB45 -> #NAME? | AD45: =_xlfn.XLOOKUP(D45,[1]Summary!$E:$E,[1]Summary!$L:$L,0) -> 0 | AE45: =AD45*X45 -> #NAME?
A46: =D46 -> NAT16 | B46: PT Ongkowidjojo | C46: SKM HT 16 | D46: NAT16 | E46: Nation Bold 16S | F46: Jose |Johan | G46: {=_xludf.XLOOKUP(D46,'KPS #48'!D:D,'KPS #48'!G:G,0)} -> #NAME? | H46: {=_xludf.XLOOKUP(D46,'KPS #48'!D:D,'KPS #48'!H:H,0)} -> #NAME? | I46: =IF(AND(H46=0,G46=0),"No Delivery",IF(COUNTA(J46,L46,N46,P46,R46,T46,V46)=1,"Delivery",IF(COUNTA(J46,L46,N46,P46,R46,T46,V46)>1,"Partial Delivery",IF(COUNTA(J46,L46,N46,P46,R46,T46,V46)=0,"Will be Updated")))) -> #NAME? | J46: {=_xludf.XLOOKUP(D46,'KPS #48'!D:D,'KPS #48'!J:J,0)} -> #NAME? | K46: =_xludf.XLOOKUP($D46,#REF!,#REF!,0) -> #NAME? | L46: {=_xludf.XLOOKUP(D46,'KPS #48'!D:D,'KPS #48'!L:L,0)} -> #NAME? | M46: =_xludf.XLOOKUP($D46,#REF!,#REF!,0) -> #NAME? | N46: {=_xludf.XLOOKUP(D46,'KPS #48'!D:D,'KPS #48'!N:N,0)} -> #NAME? | O46: =_xludf.XLOOKUP($D46,#REF!,#REF!,0) -> #NAME? | P46: {=_xludf.XLOOKUP(D46,'KPS #48'!D:D,'KPS #48'!P:P,0)} -> #NAME? | Q46: =_xludf.XLOOKUP($D46,#REF!,#REF!,0) -> #NAME? | R46: {=_xludf.XLOOKUP(D46,'KPS #48'!D:D,'KPS #48'!R:R,0)} -> #NAME? | S46: =_xludf.XLOOKUP($D46,#REF!,#REF!,0) -> #NAME? | T46: {=_xludf.XLOOKUP(D46,'KPS #48'!D:D,'KPS #48'!T:T,0)} -> #NAME? | U46: =_xludf.XLOOKUP($D46,#REF!,#REF!,0) -> #NAME? | V46: {=_xludf.XLOOKUP(D46,'KPS #48'!D:D,'KPS #48'!V:V,0)} -> #NAME? | W46: =_xludf.XLOOKUP($D46,#REF!,#REF!,0) -> #NAME? | X46: =SUM(V46,T46,R46,P46,N46,L46,J46) -> #NAME? | Y46: =SUM(W46,U46,S46,Q46,O46,M46,K46) -> #NAME? | Z46: PO kps 47 = 400 box arrive in Sat kps 46 | AA46: =X46*IFERROR(VLOOKUP(D46,'Brand List'!$B:$D,3,0),0) -> #NAME? | AB46: =H46*IFERROR(VLOOKUP(D46,'Brand List'!$B:$D,3,0),0) -> #NAME? | AC46: =AA46-AB46 -> #NAME? | AD46: =_xlfn.XLOOKUP(D46,[1]Summary!$E:$E,[1]Summary!$L:$L,0) -> 0 | AE46: =AD46*X46 -> #NAME?
A47: =D47 -> NTL16 | B47: PT Ongkowidjojo | C47: SKM LT 16 | D47: NTL16 | E47: Nation Lite Skm Lt 16S | F47: Jose |Johan | G47: {=_xludf.XLOOKUP(D47,'KPS #48'!D:D,'KPS #48'!G:G,0)} -> #NAME? | H47: {=_xludf.XLOOKUP(D47,'KPS #48'!D:D,'KPS #48'!H:H,0)} -> #NAME? | I47: =IF(AND(H47=0,G47=0),"No Delivery",IF(COUNTA(J47,L47,N47,P47,R47,T47,V47)=1,"Delivery",IF(COUNTA(J47,L47,N47,P47,R47,T47,V47)>1,"Partial Delivery",IF(COUNTA(J47,L47,N47,P47,R47,T47,V47)=0,"Will be Updated")))) -> #NAME? | J47: {=_xludf.XLOOKUP(D47,'KPS #48'!D:D,'KPS #48'!J:J,0)} -> #NAME? | K47: =_xludf.XLOOKUP($D47,#REF!,#REF!,0) -> #NAME? | L47: {=_xludf.XLOOKUP(D47,'KPS #48'!D:D,'KPS #48'!L:L,0)} -> #NAME? | M47: =_xludf.XLOOKUP($D47,#REF!,#REF!,0) -> #NAME? | N47: {=_xludf.XLOOKUP(D47,'KPS #48'!D:D,'KPS #48'!N:N,0)} -> #NAME? | O47: =_xludf.XLOOKUP($D47,#REF!,#REF!,0) -> #NAME? | P47: {=_xludf.XLOOKUP(D47,'KPS #48'!D:D,'KPS #48'!P:P,0)} -> #NAME? | Q47: =_xludf.XLOOKUP($D47,#REF!,#REF!,0) -> #NAME? | R47: {=_xludf.XLOOKUP(D47,'KPS #48'!D:D,'KPS #48'!R:R,0)} -> #NAME? | S47: =_xludf.XLOOKUP($D47,#REF!,#REF!,0) -> #NAME? | T47: {=_xludf.XLOOKUP(D47,'KPS #48'!D:D,'KPS #48'!T:T,0)} -> #NAME? | U47: =_xludf.XLOOKUP($D47,#REF!,#REF!,0) -> #NAME? | V47: {=_xludf.XLOOKUP(D47,'KPS #48'!D:D,'KPS #48'!V:V,0)} -> #NAME? | W47: =_xludf.XLOOKUP($D47,#REF!,#REF!,0) -> #NAME? | X47: =SUM(V47,T47,R47,P47,N47,L47,J47) -> #NAME? | Y47: =SUM(W47,U47,S47,Q47,O47,M47,K47) -> #NAME? | AA47: =X47*IFERROR(VLOOKUP(D47,'Brand List'!$B:$D,3,0),0) -> #NAME? | AB47: =H47*IFERROR(VLOOKUP(D47,'Brand List'!$B:$D,3,0),0) -> #NAME? | AC47: =AA47-AB47 -> #NAME? | AD47: =_xlfn.XLOOKUP(D47,[1]Summary!$E:$E,[1]Summary!$L:$L,0) -> 0 | AE47: =AD47*X47 -> #NAME?
A48: =D48 -> NAG20 | B48: PT Ongkowidjojo | C48: SKM HT 20 | D48: NAG20 | E48: Nation Gold Ht 20S | F48: Jose |Johan | G48: {=_xludf.XLOOKUP(D48,'KPS #48'!D:D,'KPS #48'!G:G,0)} -> #NAME? | H48: {=_xludf.XLOOKUP(D48,'KPS #48'!D:D,'KPS #48'!H:H,0)} -> #NAME? | I48: =IF(AND(H48=0,G48=0),"No Delivery",IF(COUNTA(J48,L48,N48,P48,R48,T48,V48)=1,"Delivery",IF(COUNTA(J48,L48,N48,P48,R48,T48,V48)>1,"Partial Delivery",IF(COUNTA(J48,L48,N48,P48,R48,T48,V48)=0,"Will be Updated")))) -> #NAME? | J48: {=_xludf.XLOOKUP(D48,'KPS #48'!D:D,'KPS #48'!J:J,0)} -> #NAME? | K48: =_xludf.XLOOKUP($D48,#REF!,#REF!,0) -> #NAME? | L48: {=_xludf.XLOOKUP(D48,'KPS #48'!D:D,'KPS #48'!L:L,0)} -> #NAME? | M48: =_xludf.XLOOKUP($D48,#REF!,#REF!,0) -> #NAME? | N48: {=_xludf.XLOOKUP(D48,'KPS #48'!D:D,'KPS #48'!N:N,0)} -> #NAME? | O48: =_xludf.XLOOKUP($D48,#REF!,#REF!,0) -> #NAME? | P48: {=_xludf.XLOOKUP(D48,'KPS #48'!D:D,'KPS #48'!P:P,0)} -> #NAME? | Q48: =_xludf.XLOOKUP($D48,#REF!,#REF!,0) -> #NAME? | R48: {=_xludf.XLOOKUP(D48,'KPS #48'!D:D,'KPS #48'!R:R,0)} -> #NAME? | S48: =_xludf.XLOOKUP($D48,#REF!,#REF!,0) -> #NAME? | T48: {=_xludf.XLOOKUP(D48,'KPS #48'!D:D,'KPS #48'!T:T,0)} -> #NAME? | U48: =_xludf.XLOOKUP($D48,#REF!,#REF!,0) -> #NAME? | V48: {=_xludf.XLOOKUP(D48,'KPS #48'!D:D,'KPS #48'!V:V,0)} -> #NAME? | W48: =_xludf.XLOOKUP($D48,#REF!,#REF!,0) -> #NAME? | X48: =SUM(V48,T48,R48,P48,N48,L48,J48) -> #NAME? | Y48: =SUM(W48,U48,S48,Q48,O48,M48,K48) -> #NAME? | Z48: PO kps 47 = 875 box arrive in Fri kps 46, 225 box arrive in Sun kps 46 | AA48: =X48*IFERROR(VLOOKUP(D48,'Brand List'!$B:$D,3,0),0) -> #NAME? | AB48: =H48*IFERROR(VLOOKUP(D48,'Brand List'!$B:$D,3,0),0) -> #NAME? | AC48: =AA48-AB48 -> #NAME? | AD48: =_xlfn.XLOOKUP(D48,[1]Summary!$E:$E,[1]Summary!$L:$L,0) -> 0 | AE48: =AD48*X48 -> #NAME?
A49: =D49 -> OEM10 | B49: PT Ongkowidjojo | C49: SKT 10 | D49: OEM10 | E49: Oepet Skt 10S | F49: Jose |Johan | G49: {=_xludf.XLOOKUP(D49,'KPS #48'!D:D,'KPS #48'!G:G,0)} -> #NAME? | H49: {=_xludf.XLOOKUP(D49,'KPS #48'!D:D,'KPS #48'!H:H,0)} -> #NAME? | I49: =IF(AND(H49=0,G49=0),"No Delivery",IF(COUNTA(J49,L49,N49,P49,R49,T49,V49)=1,"Delivery",IF(COUNTA(J49,L49,N49,P49,R49,T49,V49)>1,"Partial Delivery",IF(COUNTA(J49,L49,N49,P49,R49,T49,V49)=0,"Will be Updated")))) -> #NAME? | J49: {=_xludf.XLOOKUP(D49,'KPS #48'!D:D,'KPS #48'!J:J,0)} -> #NAME? | K49: =_xludf.XLOOKUP($D49,#REF!,#REF!,0) -> #NAME? | L49: {=_xludf.XLOOKUP(D49,'KPS #48'!D:D,'KPS #48'!L:L,0)} -> #NAME? | M49: =_xludf.XLOOKUP($D49,#REF!,#REF!,0) -> #NAME? | N49: {=_xludf.XLOOKUP(D49,'KPS #48'!D:D,'KPS #48'!N:N,0)} -> #NAME? | O49: =_xludf.XLOOKUP($D49,#REF!,#REF!,0) -> #NAME? | P49: {=_xludf.XLOOKUP(D49,'KPS #48'!D:D,'KPS #48'!P:P,0)} -> #NAME? | Q49: =_xludf.XLOOKUP($D49,#REF!,#REF!,0) -> #NAME? | R49: {=_xludf.XLOOKUP(D49,'KPS #48'!D:D,'KPS #48'!R:R,0)} -> #NAME? | S49: =_xludf.XLOOKUP($D49,#REF!,#REF!,0) -> #NAME? | T49: {=_xludf.XLOOKUP(D49,'KPS #48'!D:D,'KPS #48'!T:T,0)} -> #NAME? | U49: =_xludf.XLOOKUP($D49,#REF!,#REF!,0) -> #NAME? | V49: {=_xludf.XLOOKUP(D49,'KPS #48'!D:D,'KPS #48'!V:V,0)} -> #NAME? | W49: =_xludf.XLOOKUP($D49,#REF!,#REF!,0) -> #NAME? | X49: =SUM(V49,T49,R49,P49,N49,L49,J49) -> #NAME? | Y49: =SUM(W49,U49,S49,Q49,O49,M49,K49) -> #NAME? | Z49: Remaining outstand 225 box po kps 46 arrive in Mon kps 47 || GR Shift 3 | AA49: =X49*IFERROR(VLOOKUP(D49,'Brand List'!$B:$D,3,0),0) -> #NAME? | AB49: =H49*IFERROR(VLOOKUP(D49,'Brand List'!$B:$D,3,0),0) -> #NAME? | AC49: =AA49-AB49 -> #NAME? | AD49: =_xlfn.XLOOKUP(D49,[1]Summary!$E:$E,[1]Summary!$L:$L,0) -> 0 | AE49: =AD49*X49 -> #NAME?
A50: =D50 -> OES12 | B50: PT Ongkowidjojo | C50: SKT 12 | D50: OES12 | E50: Oepet Skt 12S | F50: Jose |Johan | G50: {=_xludf.XLOOKUP(D50,'KPS #48'!D:D,'KPS #48'!G:G,0)} -> #NAME? | H50: {=_xludf.XLOOKUP(D50,'KPS #48'!D:D,'KPS #48'!H:H,0)} -> #NAME? | I50: =IF(AND(H50=0,G50=0),"No Delivery",IF(COUNTA(J50,L50,N50,P50,R50,T50,V50)=1,"Delivery",IF(COUNTA(J50,L50,N50,P50,R50,T50,V50)>1,"Partial Delivery",IF(COUNTA(J50,L50,N50,P50,R50,T50,V50)=0,"Will be Updated")))) -> #NAME? | J50: {=_xludf.XLOOKUP(D50,'KPS #48'!D:D,'KPS #48'!J:J,0)} -> #NAME? | K50: =_xludf.XLOOKUP($D50,#REF!,#REF!,0) -> #NAME? | L50: {=_xludf.XLOOKUP(D50,'KPS #48'!D:D,'KPS #48'!L:L,0)} -> #NAME? | M50: =_xludf.XLOOKUP($D50,#REF!,#REF!,0) -> #NAME? | N50: {=_xludf.XLOOKUP(D50,'KPS #48'!D:D,'KPS #48'!N:N,0)} -> #NAME? | O50: =_xludf.XLOOKUP($D50,#REF!,#REF!,0) -> #NAME? | P50: {=_xludf.XLOOKUP(D50,'KPS #48'!D:D,'KPS #48'!P:P,0)} -> #NAME? | Q50: =_xludf.XLOOKUP($D50,#REF!,#REF!,0) -> #NAME? | R50: {=_xludf.XLOOKUP(D50,'KPS #48'!D:D,'KPS #48'!R:R,0)} -> #NAME? | S50: =_xludf.XLOOKUP($D50,#REF!,#REF!,0) -> #NAME? | T50: {=_xludf.XLOOKUP(D50,'KPS #48'!D:D,'KPS #48'!T:T,0)} -> #NAME? | U50: =_xludf.XLOOKUP($D50,#REF!,#REF!,0) -> #NAME? | V50: {=_xludf.XLOOKUP(D50,'KPS #48'!D:D,'KPS #48'!V:V,0)} -> #NAME? | W50: =_xludf.XLOOKUP($D50,#REF!,#REF!,0) -> #NAME? | X50: =SUM(V50,T50,R50,P50,N50,L50,J50) -> #NAME? | Y50: =SUM(W50,U50,S50,Q50,O50,M50,K50) -> #NAME? | Z50: Remaining 2 box po kps 46 arrive in Mon kps 47 || GR Shift 3 | AA50: =X50*IFERROR(VLOOKUP(D50,'Brand List'!$B:$D,3,0),0) -> #NAME? | AB50: =H50*IFERROR(VLOOKUP(D50,'Brand List'!$B:$D,3,0),0) -> #NAME? | AC50: =AA50-AB50 -> #NAME? | AD50: =_xlfn.XLOOKUP(D50,[1]Summary!$E:$E,[1]Summary!$L:$L,0) -> 0 | AE50: =AD50*X50 -> #NAME?
A51: =D51 -> OEC10 | B51: PT Ongkowidjojo | C51: SKT 10 | D51: OEC10 | E51: Oepet Klasik Skt 10S | F51: Jose |Johan | G51: {=_xludf.XLOOKUP(D51,'KPS #48'!D:D,'KPS #48'!G:G,0)} -> #NAME? | H51: {=_xludf.XLOOKUP(D51,'KPS #48'!D:D,'KPS #48'!H:H,0)} -> #NAME? | I51: =IF(AND(H51=0,G51=0),"No Delivery",IF(COUNTA(J51,L51,N51,P51,R51,T51,V51)=1,"Delivery",IF(COUNTA(J51,L51,N51,P51,R51,T51,V51)>1,"Partial Delivery",IF(COUNTA(J51,L51,N51,P51,R51,T51,V51)=0,"Will be Updated")))) -> #NAME? | J51: {=_xludf.XLOOKUP(D51,'KPS #48'!D:D,'KPS #48'!J:J,0)} -> #NAME? | K51: =_xludf.XLOOKUP($D51,#REF!,#REF!,0) -> #NAME? | L51: {=_xludf.XLOOKUP(D51,'KPS #48'!D:D,'KPS #48'!L:L,0)} -> #NAME? | M51: =_xludf.XLOOKUP($D51,#REF!,#REF!,0) -> #NAME? | N51: {=_xludf.XLOOKUP(D51,'KPS #48'!D:D,'KPS #48'!N:N,0)} -> #NAME? | O51: =_xludf.XLOOKUP($D51,#REF!,#REF!,0) -> #NAME? | P51: {=_xludf.XLOOKUP(D51,'KPS #48'!D:D,'KPS #48'!P:P,0)} -> #NAME? | Q51: =_xludf.XLOOKUP($D51,#REF!,#REF!,0) -> #NAME? | R51: {=_xludf.XLOOKUP(D51,'KPS #48'!D:D,'KPS #48'!R:R,0)} -> #NAME? | S51: =_xludf.XLOOKUP($D51,#REF!,#REF!,0) -> #NAME? | T51: {=_xludf.XLOOKUP(D51,'KPS #48'!D:D,'KPS #48'!T:T,0)} -> #NAME? | U51: =_xludf.XLOOKUP($D51,#REF!,#REF!,0) -> #NAME? | V51: {=_xludf.XLOOKUP(D51,'KPS #48'!D:D,'KPS #48'!V:V,0)} -> #NAME? | W51: =_xludf.XLOOKUP($D51,#REF!,#REF!,0) -> #NAME? | X51: =SUM(V51,T51,R51,P51,N51,L51,J51) -> #NAME? | Y51: =SUM(W51,U51,S51,Q51,O51,M51,K51) -> #NAME? | Z51: PO kps 47 = 100 box arrive in Sun kps 46 | AA51: =X51*IFERROR(VLOOKUP(D51,'Brand List'!$B:$D,3,0),0) -> #NAME? | AB51: =H51*IFERROR(VLOOKUP(D51,'Brand List'!$B:$D,3,0),0) -> #NAME? | AC51: =AA51-AB51 -> #NAME? | AD51: =_xlfn.XLOOKUP(D51,[1]Summary!$E:$E,[1]Summary!$L:$L,0) -> 0 | AE51: =AD51*X51 -> #NAME?
A52: =D52 -> OEB12 | B52: PT Ongkowidjojo | C52: SKM HT 12 | D52: OEB12 | E52: Oe Bold Ht 12S | F52: Jose |Johan | G52: {=_xludf.XLOOKUP(D52,'KPS #48'!D:D,'KPS #48'!G:G,0)} -> #NAME? | H52: {=_xludf.XLOOKUP(D52,'KPS #48'!D:D,'KPS #48'!H:H,0)} -> #NAME? | I52: =IF(AND(H52=0,G52=0),"No Delivery",IF(COUNTA(J52,L52,N52,P52,R52,T52,V52)=1,"Delivery",IF(COUNTA(J52,L52,N52,P52,R52,T52,V52)>1,"Partial Delivery",IF(COUNTA(J52,L52,N52,P52,R52,T52,V52)=0,"Will be Updated")))) -> #NAME? | J52: {=_xludf.XLOOKUP(D52,'KPS #48'!D:D,'KPS #48'!J:J,0)} -> #NAME? | K52: =_xludf.XLOOKUP($D52,#REF!,#REF!,0) -> #NAME? | L52: {=_xludf.XLOOKUP(D52,'KPS #48'!D:D,'KPS #48'!L:L,0)} -> #NAME? | M52: =_xludf.XLOOKUP($D52,#REF!,#REF!,0) -> #NAME? | N52: {=_xludf.XLOOKUP(D52,'KPS #48'!D:D,'KPS #48'!N:N,0)} -> #NAME? | O52: =_xludf.XLOOKUP($D52,#REF!,#REF!,0) -> #NAME? | P52: {=_xludf.XLOOKUP(D52,'KPS #48'!D:D,'KPS #48'!P:P,0)} -> #NAME? | Q52: =_xludf.XLOOKUP($D52,#REF!,#REF!,0) -> #NAME? | R52: {=_xludf.XLOOKUP(D52,'KPS #48'!D:D,'KPS #48'!R:R,0)} -> #NAME? | S52: =_xludf.XLOOKUP($D52,#REF!,#REF!,0) -> #NAME? | T52: {=_xludf.XLOOKUP(D52,'KPS #48'!D:D,'KPS #48'!T:T,0)} -> #NAME? | U52: =_xludf.XLOOKUP($D52,#REF!,#REF!,0) -> #NAME? | V52: {=_xludf.XLOOKUP(D52,'KPS #48'!D:D,'KPS #48'!V:V,0)} -> #NAME? | W52: =_xludf.XLOOKUP($D52,#REF!,#REF!,0) -> #NAME? | X52: =SUM(V52,T52,R52,P52,N52,L52,J52) -> #NAME? | Y52: =SUM(W52,U52,S52,Q52,O52,M52,K52) -> #NAME? | Z52: Remaining outstand 50 box po kps 46 to be confirm | AA52: =X52*IFERROR(VLOOKUP(D52,'Brand List'!$B:$D,3,0),0) -> #NAME? | AB52: =H52*IFERROR(VLOOKUP(D52,'Brand List'!$B:$D,3,0),0) -> #NAME? | AC52: =AA52-AB52 -> #NAME? | AD52: =_xlfn.XLOOKUP(D52,[1]Summary!$E:$E,[1]Summary!$L:$L,0) -> 0 | AE52: =AD52*X52 -> #NAME?
A53: =D53 -> OEB16 | B53: PT Ongkowidjojo | C53: SKM HT 16 | D53: OEB16 | E53: Oe Bold Ht 16S | F53: Jose |Johan | G53: {=_xludf.XLOOKUP(D53,'KPS #48'!D:D,'KPS #48'!G:G,0)} -> #NAME? | H53: {=_xludf.XLOOKUP(D53,'KPS #48'!D:D,'KPS #48'!H:H,0)} -> #NAME? | I53: =IF(AND(H53=0,G53=0),"No Delivery",IF(COUNTA(J53,L53,N53,P53,R53,T53,V53)=1,"Delivery",IF(COUNTA(J53,L53,N53,P53,R53,T53,V53)>1,"Partial Delivery",IF(COUNTA(J53,L53,N53,P53,R53,T53,V53)=0,"Will be Updated")))) -> #NAME? | J53: {=_xludf.XLOOKUP(D53,'KPS #48'!D:D,'KPS #48'!J:J,0)} -> #NAME? | K53: =_xludf.XLOOKUP($D53,#REF!,#REF!,0) -> #NAME? | L53: {=_xludf.XLOOKUP(D53,'KPS #48'!D:D,'KPS #48'!L:L,0)} -> #NAME? | M53: =_xludf.XLOOKUP($D53,#REF!,#REF!,0) -> #NAME? | N53: {=_xludf.XLOOKUP(D53,'KPS #48'!D:D,'KPS #48'!N:N,0)} -> #NAME? | O53: =_xludf.XLOOKUP($D53,#REF!,#REF!,0) -> #NAME? | P53: {=_xludf.XLOOKUP(D53,'KPS #48'!D:D,'KPS #48'!P:P,0)} -> #NAME? | Q53: =_xludf.XLOOKUP($D53,#REF!,#REF!,0) -> #NAME? | R53: {=_xludf.XLOOKUP(D53,'KPS #48'!D:D,'KPS #48'!R:R,0)} -> #NAME? | S53: =_xludf.XLOOKUP($D53,#REF!,#REF!,0) -> #NAME? | T53: {=_xludf.XLOOKUP(D53,'KPS #48'!D:D,'KPS #48'!T:T,0)} -> #NAME? | U53: =_xludf.XLOOKUP($D53,#REF!,#REF!,0) -> #NAME? | V53: {=_xludf.XLOOKUP(D53,'KPS #48'!D:D,'KPS #48'!V:V,0)} -> #NAME? | W53: =_xludf.XLOOKUP($D53,#REF!,#REF!,0) -> #NAME? | X53: =SUM(V53,T53,R53,P53,N53,L53,J53) -> #NAME? | Y53: =SUM(W53,U53,S53,Q53,O53,M53,K53) -> #NAME? | AA53: =X53*IFERROR(VLOOKUP(D53,'Brand List'!$B:$D,3,0),0) -> #NAME? | AB53: =H53*IFERROR(VLOOKUP(D53,'Brand List'!$B:$D,3,0),0) -> #NAME? | AC53: =AA53-AB53 -> #NAME? | AD53: =_xlfn.XLOOKUP(D53,[1]Summary!$E:$E,[1]Summary!$L:$L,0) -> 0 | AE53: =AD53*X53 -> #NAME?
A54: =D54 -> OEB20 | B54: PT Ongkowidjojo | C54: SKM HT 20 | D54: OEB20 | E54: Oe Bold Ht 20S | F54: Jose |Johan | G54: {=_xludf.XLOOKUP(D54,'KPS #48'!D:D,'KPS #48'!G:G,0)} -> #NAME? | H54: {=_xludf.XLOOKUP(D54,'KPS #48'!D:D,'KPS #48'!H:H,0)} -> #NAME? | I54: =IF(AND(H54=0,G54=0),"No Delivery",IF(COUNTA(J54,L54,N54,P54,R54,T54,V54)=1,"Delivery",IF(COUNTA(J54,L54,N54,P54,R54,T54,V54)>1,"Partial Delivery",IF(COUNTA(J54,L54,N54,P54,R54,T54,V54)=0,"Will be Updated")))) -> #NAME? | J54: {=_xludf.XLOOKUP(D54,'KPS #48'!D:D,'KPS #48'!J:J,0)} -> #NAME? | K54: =_xludf.XLOOKUP($D54,#REF!,#REF!,0) -> #NAME? | L54: {=_xludf.XLOOKUP(D54,'KPS #48'!D:D,'KPS #48'!L:L,0)} -> #NAME? | M54: =_xludf.XLOOKUP($D54,#REF!,#REF!,0) -> #NAME? | N54: {=_xludf.XLOOKUP(D54,'KPS #48'!D:D,'KPS #48'!N:N,0)} -> #NAME? | O54: =_xludf.XLOOKUP($D54,#REF!,#REF!,0) -> #NAME? | P54: {=_xludf.XLOOKUP(D54,'KPS #48'!D:D,'KPS #48'!P:P,0)} -> #NAME? | Q54: =_xludf.XLOOKUP($D54,#REF!,#REF!,0) -> #NAME? | R54: {=_xludf.XLOOKUP(D54,'KPS #48'!D:D,'KPS #48'!R:R,0)} -> #NAME? | S54: =_xludf.XLOOKUP($D54,#REF!,#REF!,0) -> #NAME? | T54: {=_xludf.XLOOKUP(D54,'KPS #48'!D:D,'KPS #48'!T:T,0)} -> #NAME? | U54: =_xludf.XLOOKUP($D54,#REF!,#REF!,0) -> #NAME? | V54: {=_xludf.XLOOKUP(D54,'KPS #48'!D:D,'KPS #48'!V:V,0)} -> #NAME? | W54: =_xludf.XLOOKUP($D54,#REF!,#REF!,0) -> #NAME? | X54: =SUM(V54,T54,R54,P54,N54,L54,J54) -> #NAME? | Y54: =SUM(W54,U54,S54,Q54,O54,M54,K54) -> #NAME? | AA54: =X54*IFERROR(VLOOKUP(D54,'Brand List'!$B:$D,3,0),0) -> #NAME? | AB54: =H54*IFERROR(VLOOKUP(D54,'Brand List'!$B:$D,3,0),0) -> #NAME? | AC54: =AA54-AB54 -> #NAME? | AD54: =_xlfn.XLOOKUP(D54,[1]Summary!$E:$E,[1]Summary!$L:$L,0) -> 0 | AE54: =AD54*X54 -> #NAME?
A55: =D55 -> ONG16 | B55: PT Ongkowidjojo | C55: SKT 16 | D55: ONG16 | E55: Oe Bold Ht 20S | F55: Jose |Johan | G55: {=_xludf.XLOOKUP(D55,'KPS #48'!D:D,'KPS #48'!G:G,0)} -> #NAME? | H55: {=_xludf.XLOOKUP(D55,'KPS #48'!D:D,'KPS #48'!H:H,0)} -> #NAME? | I55: =IF(AND(H55=0,G55=0),"No Delivery",IF(COUNTA(J55,L55,N55,P55,R55,T55,V55)=1,"Delivery",IF(COUNTA(J55,L55,N55,P55,R55,T55,V55)>1,"Partial Delivery",IF(COUNTA(J55,L55,N55,P55,R55,T55,V55)=0,"Will be Updated")))) -> #NAME? | J55: {=_xludf.XLOOKUP(D55,'KPS #48'!D:D,'KPS #48'!J:J,0)} -> #NAME? | K55: =_xludf.XLOOKUP($D55,#REF!,#REF!,0) -> #NAME? | L55: {=_xludf.XLOOKUP(D55,'KPS #48'!D:D,'KPS #48'!L:L,0)} -> #NAME? | M55: =_xludf.XLOOKUP($D55,#REF!,#REF!,0) -> #NAME? | N55: {=_xludf.XLOOKUP(D55,'KPS #48'!D:D,'KPS #48'!N:N,0)} -> #NAME? | O55: =_xludf.XLOOKUP($D55,#REF!,#REF!,0) -> #NAME? | P55: {=_xludf.XLOOKUP(D55,'KPS #48'!D:D,'KPS #48'!P:P,0)} -> #NAME? | Q55: =_xludf.XLOOKUP($D55,#REF!,#REF!,0) -> #NAME? | R55: {=_xludf.XLOOKUP(D55,'KPS #48'!D:D,'KPS #48'!R:R,0)} -> #NAME? | S55: =_xludf.XLOOKUP($D55,#REF!,#REF!,0) -> #NAME? | T55: {=_xludf.XLOOKUP(D55,'KPS #48'!D:D,'KPS #48'!T:T,0)} -> #NAME? | U55: =_xludf.XLOOKUP($D55,#REF!,#REF!,0) -> #NAME? | V55: {=_xludf.XLOOKUP(D55,'KPS #48'!D:D,'KPS #48'!V:V,0)} -> #NAME? | W55: =_xludf.XLOOKUP($D55,#REF!,#REF!,0) -> #NAME? | X55: =SUM(V55,T55,R55,P55,N55,L55,J55) -> #NAME? | Y55: =SUM(W55,U55,S55,Q55,O55,M55,K55) -> #NAME? | Z55: Remaining outstand 50 box po kps 46 will be delivered in kps 47 || GR Shift 3 | AA55: =X55*IFERROR(VLOOKUP(D55,'Brand List'!$B:$D,3,0),0) -> #NAME? | AB55: =H55*IFERROR(VLOOKUP(D55,'Brand List'!$B:$D,3,0),0) -> #NAME? | AC55: =AA55-AB55 -> #NAME? | AD55: =_xlfn.XLOOKUP(D55,[1]Summary!$E:$E,[1]Summary!$L:$L,0) -> 0 | AE55: =AD55*X55 -> #NAME?
A56: =D56 -> SME12 | B56: PT Cahaya Tiga Saudara Sejati | C56: SKT 12 | D56: SME12 | E56: Simustika 269 Edition Skt 12S | F56: Jose |Johan | G56: {=_xludf.XLOOKUP(D56,'KPS #48'!D:D,'KPS #48'!G:G,0)} -> #NAME? | H56: {=_xludf.XLOOKUP(D56,'KPS #48'!D:D,'KPS #48'!H:H,0)} -> #NAME? | I56: =IF(AND(H56=0,G56=0),"No Delivery",IF(COUNTA(J56,L56,N56,P56,R56,T56,V56)=1,"Delivery",IF(COUNTA(J56,L56,N56,P56,R56,T56,V56)>1,"Partial Delivery",IF(COUNTA(J56,L56,N56,P56,R56,T56,V56)=0,"Will be Updated")))) -> #NAME? | J56: {=_xludf.XLOOKUP(D56,'KPS #48'!D:D,'KPS #48'!J:J,0)} -> #NAME? | K56: =_xludf.XLOOKUP($D56,#REF!,#REF!,0) -> #NAME? | L56: {=_xludf.XLOOKUP(D56,'KPS #48'!D:D,'KPS #48'!L:L,0)} -> #NAME? | M56: =_xludf.XLOOKUP($D56,#REF!,#REF!,0) -> #NAME? | N56: {=_xludf.XLOOKUP(D56,'KPS #48'!D:D,'KPS #48'!N:N,0)} -> #NAME? | O56: =_xludf.XLOOKUP($D56,#REF!,#REF!,0) -> #NAME? | P56: {=_xludf.XLOOKUP(D56,'KPS #48'!D:D,'KPS #48'!P:P,0)} -> #NAME? | Q56: =_xludf.XLOOKUP($D56,#REF!,#REF!,0) -> #NAME? | R56: {=_xludf.XLOOKUP(D56,'KPS #48'!D:D,'KPS #48'!R:R,0)} -> #NAME? | S56: =_xludf.XLOOKUP($D56,#REF!,#REF!,0) -> #NAME? | T56: {=_xludf.XLOOKUP(D56,'KPS #48'!D:D,'KPS #48'!T:T,0)} -> #NAME? | U56: =_xludf.XLOOKUP($D56,#REF!,#REF!,0) -> #NAME? | V56: {=_xludf.XLOOKUP(D56,'KPS #48'!D:D,'KPS #48'!V:V,0)} -> #NAME? | W56: =_xludf.XLOOKUP($D56,#REF!,#REF!,0) -> #NAME? | X56: =SUM(V56,T56,R56,P56,N56,L56,J56) -> #NAME? | Y56: =SUM(W56,U56,S56,Q56,O56,M56,K56) -> #NAME? | Z56: Direct To Area || Remaining oustand 325 box | AA56: =X56*IFERROR(VLOOKUP(D56,'Brand List'!$B:$D,3,0),0) -> #NAME? | AB56: =H56*IFERROR(VLOOKUP(D56,'Brand List'!$B:$D,3,0),0) -> #NAME? | AC56: =AA56-AB56 -> #NAME? | AD56: =_xlfn.XLOOKUP(D56,[1]Summary!$E:$E,[1]Summary!$L:$L,0) -> 0 | AE56: =AD56*X56 -> #NAME?
A57: =D57 -> SMB12 | B57: PT Cahaya Tiga Saudara Sejati | C57: SKT 12 | D57: SMB12 | E57: Simustika 269 Bold Skt 12S | F57: Jose |Johan | G57: {=_xludf.XLOOKUP(D57,'KPS #48'!D:D,'KPS #48'!G:G,0)} -> #NAME? | H57: {=_xludf.XLOOKUP(D57,'KPS #48'!D:D,'KPS #48'!H:H,0)} -> #NAME? | I57: =IF(AND(H57=0,G57=0),"No Delivery",IF(COUNTA(J57,L57,N57,P57,R57,T57,V57)=1,"Delivery",IF(COUNTA(J57,L57,N57,P57,R57,T57,V57)>1,"Partial Delivery",IF(COUNTA(J57,L57,N57,P57,R57,T57,V57)=0,"Will be Updated")))) -> #NAME? | J57: {=_xludf.XLOOKUP(D57,'KPS #48'!D:D,'KPS #48'!J:J,0)} -> #NAME? | K57: =_xludf.XLOOKUP($D57,#REF!,#REF!,0) -> #NAME? | L57: {=_xludf.XLOOKUP(D57,'KPS #48'!D:D,'KPS #48'!L:L,0)} -> #NAME? | M57: =_xludf.XLOOKUP($D57,#REF!,#REF!,0) -> #NAME? | N57: {=_xludf.XLOOKUP(D57,'KPS #48'!D:D,'KPS #48'!N:N,0)} -> #NAME? | O57: =_xludf.XLOOKUP($D57,#REF!,#REF!,0) -> #NAME? | P57: {=_xludf.XLOOKUP(D57,'KPS #48'!D:D,'KPS #48'!P:P,0)} -> #NAME? | Q57: =_xludf.XLOOKUP($D57,#REF!,#REF!,0) -> #NAME? | R57: {=_xludf.XLOOKUP(D57,'KPS #48'!D:D,'KPS #48'!R:R,0)} -> #NAME? | S57: =_xludf.XLOOKUP($D57,#REF!,#REF!,0) -> #NAME? | T57: {=_xludf.XLOOKUP(D57,'KPS #48'!D:D,'KPS #48'!T:T,0)} -> #NAME? | U57: =_xludf.XLOOKUP($D57,#REF!,#REF!,0) -> #NAME? | V57: {=_xludf.XLOOKUP(D57,'KPS #48'!D:D,'KPS #48'!V:V,0)} -> #NAME? | W57: =_xludf.XLOOKUP($D57,#REF!,#REF!,0) -> #NAME? | X57: =SUM(V57,T57,R57,P57,N57,L57,J57) -> #NAME? | Y57: =SUM(W57,U57,S57,Q57,O57,M57,K57) -> #NAME? | Z57: Direct to Area || Remaining outstand 175 box | AA57: =X57*IFERROR(VLOOKUP(D57,'Brand List'!$B:$D,3,0),0) -> #NAME? | AB57: =H57*IFERROR(VLOOKUP(D57,'Brand List'!$B:$D,3,0),0) -> #NAME? | AC57: =AA57-AB57 -> #NAME? | AD57: =_xlfn.XLOOKUP(D57,[1]Summary!$E:$E,[1]Summary!$L:$L,0) -> 0 | AE57: =AD57*X57 -> #NAME?
A58: =D58 -> SMG12 | B58: PT Cahaya Tiga Saudara Sejati | C58: SKT 12 | D58: SMG12 | E58: Simustika 269 Gold Skt 12S | F58: Jose |Johan | G58: {=_xludf.XLOOKUP(D58,'KPS #48'!D:D,'KPS #48'!G:G,0)} -> #NAME? | H58: {=_xludf.XLOOKUP(D58,'KPS #48'!D:D,'KPS #48'!H:H,0)} -> #NAME? | I58: =IF(AND(H58=0,G58=0),"No Delivery",IF(COUNTA(J58,L58,N58,P58,R58,T58,V58)=1,"Delivery",IF(COUNTA(J58,L58,N58,P58,R58,T58,V58)>1,"Partial Delivery",IF(COUNTA(J58,L58,N58,P58,R58,T58,V58)=0,"Will be Updated")))) -> #NAME? | J58: {=_xludf.XLOOKUP(D58,'KPS #48'!D:D,'KPS #48'!J:J,0)} -> #NAME? | K58: =_xludf.XLOOKUP($D58,#REF!,#REF!,0) -> #NAME? | L58: {=_xludf.XLOOKUP(D58,'KPS #48'!D:D,'KPS #48'!L:L,0)} -> #NAME? | M58: =_xludf.XLOOKUP($D58,#REF!,#REF!,0) -> #NAME? | N58: {=_xludf.XLOOKUP(D58,'KPS #48'!D:D,'KPS #48'!N:N,0)} -> #NAME? | O58: =_xludf.XLOOKUP($D58,#REF!,#REF!,0) -> #NAME? | P58: {=_xludf.XLOOKUP(D58,'KPS #48'!D:D,'KPS #48'!P:P,0)} -> #NAME? | Q58: =_xludf.XLOOKUP($D58,#REF!,#REF!,0) -> #NAME? | R58: {=_xludf.XLOOKUP(D58,'KPS #48'!D:D,'KPS #48'!R:R,0)} -> #NAME? | S58: =_xludf.XLOOKUP($D58,#REF!,#REF!,0) -> #NAME? | T58: {=_xludf.XLOOKUP(D58,'KPS #48'!D:D,'KPS #48'!T:T,0)} -> #NAME? | U58: =_xludf.XLOOKUP($D58,#REF!,#REF!,0) -> #NAME? | V58: {=_xludf.XLOOKUP(D58,'KPS #48'!D:D,'KPS #48'!V:V,0)} -> #NAME? | W58: =_xludf.XLOOKUP($D58,#REF!,#REF!,0) -> #NAME? | X58: =SUM(V58,T58,R58,P58,N58,L58,J58) -> #NAME? | Y58: =SUM(W58,U58,S58,Q58,O58,M58,K58) -> #NAME? | Z58: Direct to Area || Remaining outstand 88 box | AA58: =X58*IFERROR(VLOOKUP(D58,'Brand List'!$B:$D,3,0),0) -> #NAME? | AB58: =H58*IFERROR(VLOOKUP(D58,'Brand List'!$B:$D,3,0),0) -> #NAME? | AC58: =AA58-AB58 -> #NAME? | AD58: =_xlfn.XLOOKUP(D58,[1]Summary!$E:$E,[1]Summary!$L:$L,0) -> 0 | AE58: =AD58*X58 -> #NAME?
A59: =D59 -> LOJ12 | B59: PT Panen | C59: SKT 12 | D59: LOJ12 | E59: Lodjie Skt 12S | F59: Vincent | Andry | G59: {=_xludf.XLOOKUP(D59,'KPS #48'!D:D,'KPS #48'!G:G,0)} -> #NAME? | H59: {=_xludf.XLOOKUP(D59,'KPS #48'!D:D,'KPS #48'!H:H,0)} -> #NAME? | I59: =IF(AND(H59=0,G59=0),"No Delivery",IF(COUNTA(J59,L59,N59,P59,R59,T59,V59)=1,"Delivery",IF(COUNTA(J59,L59,N59,P59,R59,T59,V59)>1,"Partial Delivery",IF(COUNTA(J59,L59,N59,P59,R59,T59,V59)=0,"Will be Updated")))) -> #NAME? | J59: {=_xludf.XLOOKUP(D59,'KPS #48'!D:D,'KPS #48'!J:J,0)} -> #NAME? | K59: =_xludf.XLOOKUP($D59,#REF!,#REF!,0) -> #NAME? | L59: {=_xludf.XLOOKUP(D59,'KPS #48'!D:D,'KPS #48'!L:L,0)} -> #NAME? | M59: =_xludf.XLOOKUP($D59,#REF!,#REF!,0) -> #NAME? | N59: {=_xludf.XLOOKUP(D59,'KPS #48'!D:D,'KPS #48'!N:N,0)} -> #NAME? | O59: =_xludf.XLOOKUP($D59,#REF!,#REF!,0) -> #NAME? | P59: {=_xludf.XLOOKUP(D59,'KPS #48'!D:D,'KPS #48'!P:P,0)} -> #NAME? | Q59: =_xludf.XLOOKUP($D59,#REF!,#REF!,0) -> #NAME? | R59: {=_xludf.XLOOKUP(D59,'KPS #48'!D:D,'KPS #48'!R:R,0)} -> #NAME? | S59: =_xludf.XLOOKUP($D59,#REF!,#REF!,0) -> #NAME? | T59: {=_xludf.XLOOKUP(D59,'KPS #48'!D:D,'KPS #48'!T:T,0)} -> #NAME? | U59: =_xludf.XLOOKUP($D59,#REF!,#REF!,0) -> #NAME? | V59: {=_xludf.XLOOKUP(D59,'KPS #48'!D:D,'KPS #48'!V:V,0)} -> #NAME? | W59: =_xludf.XLOOKUP($D59,#REF!,#REF!,0) -> #NAME? | X59: =SUM(V59,T59,R59,P59,N59,L59,J59) -> #NAME? | Y59: =SUM(W59,U59,S59,Q59,O59,M59,K59) -> #NAME? | AA59: =X59*IFERROR(VLOOKUP(D59,'Brand List'!$B:$D,3,0),0) -> #NAME? | AB59: =H59*IFERROR(VLOOKUP(D59,'Brand List'!$B:$D,3,0),0) -> #NAME? | AC59: =AA59-AB59 -> #NAME? | AD59: =_xlfn.XLOOKUP(D59,[1]Summary!$E:$E,[1]Summary!$L:$L,0) -> 0 | AE59: =AD59*X59 -> #NAME?
A60: =D60 -> LOK12 | B60: PT Panen | C60: SKT 12 | D60: LOK12 | E60: Lokal Skt 12S | F60: Vincent | Andry | G60: {=_xludf.XLOOKUP(D60,'KPS #48'!D:D,'KPS #48'!G:G,0)} -> #NAME? | H60: {=_xludf.XLOOKUP(D60,'KPS #48'!D:D,'KPS #48'!H:H,0)} -> #NAME? | I60: =IF(AND(H60=0,G60=0),"No Delivery",IF(COUNTA(J60,L60,N60,P60,R60,T60,V60)=1,"Delivery",IF(COUNTA(J60,L60,N60,P60,R60,T60,V60)>1,"Partial Delivery",IF(COUNTA(J60,L60,N60,P60,R60,T60,V60)=0,"Will be Updated")))) -> #NAME? | J60: {=_xludf.XLOOKUP(D60,'KPS #48'!D:D,'KPS #48'!J:J,0)} -> #NAME? | K60: =_xludf.XLOOKUP($D60,#REF!,#REF!,0) -> #NAME? | L60: {=_xludf.XLOOKUP(D60,'KPS #48'!D:D,'KPS #48'!L:L,0)} -> #NAME? | M60: =_xludf.XLOOKUP($D60,#REF!,#REF!,0) -> #NAME? | N60: {=_xludf.XLOOKUP(D60,'KPS #48'!D:D,'KPS #48'!N:N,0)} -> #NAME? | O60: =_xludf.XLOOKUP($D60,#REF!,#REF!,0) -> #NAME? | P60: {=_xludf.XLOOKUP(D60,'KPS #48'!D:D,'KPS #48'!P:P,0)} -> #NAME? | Q60: =_xludf.XLOOKUP($D60,#REF!,#REF!,0) -> #NAME? | R60: {=_xludf.XLOOKUP(D60,'KPS #48'!D:D,'KPS #48'!R:R,0)} -> #NAME? | S60: =_xludf.XLOOKUP($D60,#REF!,#REF!,0) -> #NAME? | T60: {=_xludf.XLOOKUP(D60,'KPS #48'!D:D,'KPS #48'!T:T,0)} -> #NAME? | U60: =_xludf.XLOOKUP($D60,#REF!,#REF!,0) -> #NAME? | V60: {=_xludf.XLOOKUP(D60,'KPS #48'!D:D,'KPS #48'!V:V,0)} -> #NAME? | W60: =_xludf.XLOOKUP($D60,#REF!,#REF!,0) -> #NAME? | X60: =SUM(V60,T60,R60,P60,N60,L60,J60) -> #NAME? | Y60: =SUM(W60,U60,S60,Q60,O60,M60,K60) -> #NAME? | AA60: =X60*IFERROR(VLOOKUP(D60,'Brand List'!$B:$D,3,0),0) -> #NAME? | AB60: =H60*IFERROR(VLOOKUP(D60,'Brand List'!$B:$D,3,0),0) -> #NAME? | AC60: =AA60-AB60 -> #NAME? | AD60: =_xlfn.XLOOKUP(D60,[1]Summary!$E:$E,[1]Summary!$L:$L,0) -> 0 | AE60: =AD60*X60 -> #NAME?
A61: =D61 -> SGR12 | B61: PT Rajaa Tunggal | C61: SKT 12 | D61: SGR12 | E61: Segara Skt 12S | F61: Vincent | Andry | G61: {=_xludf.XLOOKUP(D61,'KPS #48'!D:D,'KPS #48'!G:G,0)} -> #NAME? | H61: {=_xludf.XLOOKUP(D61,'KPS #48'!D:D,'KPS #48'!H:H,0)} -> #NAME? | I61: =IF(AND(H61=0,G61=0),"No Delivery",IF(COUNTA(J61,L61,N61,P61,R61,T61,V61)=1,"Delivery",IF(COUNTA(J61,L61,N61,P61,R61,T61,V61)>1,"Partial Delivery",IF(COUNTA(J61,L61,N61,P61,R61,T61,V61)=0,"Will be Updated")))) -> #NAME? | J61: {=_xludf.XLOOKUP(D61,'KPS #48'!D:D,'KPS #48'!J:J,0)} -> #NAME? | K61: =_xludf.XLOOKUP($D61,#REF!,#REF!,0) -> #NAME? | L61: {=_xludf.XLOOKUP(D61,'KPS #48'!D:D,'KPS #48'!L:L,0)} -> #NAME? | M61: =_xludf.XLOOKUP($D61,#REF!,#REF!,0) -> #NAME? | N61: {=_xludf.XLOOKUP(D61,'KPS #48'!D:D,'KPS #48'!N:N,0)} -> #NAME? | O61: =_xludf.XLOOKUP($D61,#REF!,#REF!,0) -> #NAME? | P61: {=_xludf.XLOOKUP(D61,'KPS #48'!D:D,'KPS #48'!P:P,0)} -> #NAME? | Q61: =_xludf.XLOOKUP($D61,#REF!,#REF!,0) -> #NAME? | R61: {=_xludf.XLOOKUP(D61,'KPS #48'!D:D,'KPS #48'!R:R,0)} -> #NAME? | S61: =_xludf.XLOOKUP($D61,#REF!,#REF!,0) -> #NAME? | T61: {=_xludf.XLOOKUP(D61,'KPS #48'!D:D,'KPS #48'!T:T,0)} -> #NAME? | U61: =_xludf.XLOOKUP($D61,#REF!,#REF!,0) -> #NAME? | V61: {=_xludf.XLOOKUP(D61,'KPS #48'!D:D,'KPS #48'!V:V,0)} -> #NAME? | W61: =_xludf.XLOOKUP($D61,#REF!,#REF!,0) -> #NAME? | X61: =SUM(V61,T61,R61,P61,N61,L61,J61) -> #NAME? | Y61: =SUM(W61,U61,S61,Q61,O61,M61,K61) -> #NAME? | AA61: =X61*IFERROR(VLOOKUP(D61,'Brand List'!$B:$D,3,0),0) -> #NAME? | AB61: =H61*IFERROR(VLOOKUP(D61,'Brand List'!$B:$D,3,0),0) -> #NAME? | AC61: =AA61-AB61 -> #NAME? | AD61: =_xlfn.XLOOKUP(D61,[1]Summary!$E:$E,[1]Summary!$L:$L,0) -> 0 | AE61: =AD61*X61 -> #NAME?
A62: =D62 -> MAU12 | B62: PT Rajaa Wangsa Susanto | C62: SKT 12 | D62: MAU12 | E62: Maung Skt 12S | F62: Vincent | Andry | G62: {=_xludf.XLOOKUP(D62,'KPS #48'!D:D,'KPS #48'!G:G,0)} -> #NAME? | H62: {=_xludf.XLOOKUP(D62,'KPS #48'!D:D,'KPS #48'!H:H,0)} -> #NAME? | I62: =IF(AND(H62=0,G62=0),"No Delivery",IF(COUNTA(J62,L62,N62,P62,R62,T62,V62)=1,"Delivery",IF(COUNTA(J62,L62,N62,P62,R62,T62,V62)>1,"Partial Delivery",IF(COUNTA(J62,L62,N62,P62,R62,T62,V62)=0,"Will be Updated")))) -> #NAME? | J62: {=_xludf.XLOOKUP(D62,'KPS #48'!D:D,'KPS #48'!J:J,0)} -> #NAME? | K62: =_xludf.XLOOKUP($D62,#REF!,#REF!,0) -> #NAME? | L62: {=_xludf.XLOOKUP(D62,'KPS #48'!D:D,'KPS #48'!L:L,0)} -> #NAME? | M62: =_xludf.XLOOKUP($D62,#REF!,#REF!,0) -> #NAME? | N62: {=_xludf.XLOOKUP(D62,'KPS #48'!D:D,'KPS #48'!N:N,0)} -> #NAME? | O62: =_xludf.XLOOKUP($D62,#REF!,#REF!,0) -> #NAME? | P62: {=_xludf.XLOOKUP(D62,'KPS #48'!D:D,'KPS #48'!P:P,0)} -> #NAME? | Q62: =_xludf.XLOOKUP($D62,#REF!,#REF!,0) -> #NAME? | R62: {=_xludf.XLOOKUP(D62,'KPS #48'!D:D,'KPS #48'!R:R,0)} -> #NAME? | S62: =_xludf.XLOOKUP($D62,#REF!,#REF!,0) -> #NAME? | T62: {=_xludf.XLOOKUP(D62,'KPS #48'!D:D,'KPS #48'!T:T,0)} -> #NAME? | U62: =_xludf.XLOOKUP($D62,#REF!,#REF!,0) -> #NAME? | V62: {=_xludf.XLOOKUP(D62,'KPS #48'!D:D,'KPS #48'!V:V,0)} -> #NAME? | W62: =_xludf.XLOOKUP($D62,#REF!,#REF!,0) -> #NAME? | X62: =SUM(V62,T62,R62,P62,N62,L62,J62) -> #NAME? | Y62: =SUM(W62,U62,S62,Q62,O62,M62,K62) -> #NAME? | Z62: Remaining outstand 35 box po kps 46 will be delivered in kps 47 | AA62: =X62*IFERROR(VLOOKUP(D62,'Brand List'!$B:$D,3,0),0) -> #NAME? | AB62: =H62*IFERROR(VLOOKUP(D62,'Brand List'!$B:$D,3,0),0) -> #NAME? | AC62: =AA62-AB62 -> #NAME? | AD62: =_xlfn.XLOOKUP(D62,[1]Summary!$E:$E,[1]Summary!$L:$L,0) -> 0 | AE62: =AD62*X62 -> #NAME?
A63: =D63 -> DRJ12 | B63: PT Tiara Cemerlang Abadi | C63: SKT 12 | D63: DRJ12 | E63: Dirja Skt 12S | F63: Malvin | Johan | G63: {=_xludf.XLOOKUP(D63,'KPS #48'!D:D,'KPS #48'!G:G,0)} -> #NAME? | H63: {=_xludf.XLOOKUP(D63,'KPS #48'!D:D,'KPS #48'!H:H,0)} -> #NAME? | I63: =IF(AND(H63=0,G63=0),"No Delivery",IF(COUNTA(J63,L63,N63,P63,R63,T63,V63)=1,"Delivery",IF(COUNTA(J63,L63,N63,P63,R63,T63,V63)>1,"Partial Delivery",IF(COUNTA(J63,L63,N63,P63,R63,T63,V63)=0,"Will be Updated")))) -> #NAME? | J63: {=_xludf.XLOOKUP(D63,'KPS #48'!D:D,'KPS #48'!J:J,0)} -> #NAME? | K63: =_xludf.XLOOKUP($D63,#REF!,#REF!,0) -> #NAME? | L63: {=_xludf.XLOOKUP(D63,'KPS #48'!D:D,'KPS #48'!L:L,0)} -> #NAME? | M63: =_xludf.XLOOKUP($D63,#REF!,#REF!,0) -> #NAME? | N63: {=_xludf.XLOOKUP(D63,'KPS #48'!D:D,'KPS #48'!N:N,0)} -> #NAME? | O63: =_xludf.XLOOKUP($D63,#REF!,#REF!,0) -> #NAME? | P63: {=_xludf.XLOOKUP(D63,'KPS #48'!D:D,'KPS #48'!P:P,0)} -> #NAME? | Q63: =_xludf.XLOOKUP($D63,#REF!,#REF!,0) -> #NAME? | R63: {=_xludf.XLOOKUP(D63,'KPS #48'!D:D,'KPS #48'!R:R,0)} -> #NAME? | S63: =_xludf.XLOOKUP($D63,#REF!,#REF!,0) -> #NAME? | T63: {=_xludf.XLOOKUP(D63,'KPS #48'!D:D,'KPS #48'!T:T,0)} -> #NAME? | U63: =_xludf.XLOOKUP($D63,#REF!,#REF!,0) -> #NAME? | V63: {=_xludf.XLOOKUP(D63,'KPS #48'!D:D,'KPS #48'!V:V,0)} -> #NAME? | W63: =_xludf.XLOOKUP($D63,#REF!,#REF!,0) -> #NAME? | X63: =SUM(V63,T63,R63,P63,N63,L63,J63) -> #NAME? | Y63: =SUM(W63,U63,S63,Q63,O63,M63,K63) -> #NAME? | AA63: =X63*IFERROR(VLOOKUP(D63,'Brand List'!$B:$D,3,0),0) -> #NAME? | AB63: =H63*IFERROR(VLOOKUP(D63,'Brand List'!$B:$D,3,0),0) -> #NAME? | AC63: =AA63-AB63 -> #NAME? | AD63: =_xlfn.XLOOKUP(D63,[1]Summary!$E:$E,[1]Summary!$L:$L,0) -> 0 | AE63: =AD63*X63 -> #NAME?
A64: =D64 -> BHU12 | B64: PT Sejuk | C64: SKT 12 | D64: BHU12 | E64: Bhumi Skt 12S | F64: Nico | Johan | G64: {=_xludf.XLOOKUP(D64,'KPS #48'!D:D,'KPS #48'!G:G,0)} -> #NAME? | H64: {=_xludf.XLOOKUP(D64,'KPS #48'!D:D,'KPS #48'!H:H,0)} -> #NAME? | I64: =IF(AND(H64=0,G64=0),"No Delivery",IF(COUNTA(J64,L64,N64,P64,R64,T64,V64)=1,"Delivery",IF(COUNTA(J64,L64,N64,P64,R64,T64,V64)>1,"Partial Delivery",IF(COUNTA(J64,L64,N64,P64,R64,T64,V64)=0,"Will be Updated")))) -> #NAME? | J64: {=_xludf.XLOOKUP(D64,'KPS #48'!D:D,'KPS #48'!J:J,0)} -> #NAME? | K64: =_xludf.XLOOKUP($D64,#REF!,#REF!,0) -> #NAME? | L64: {=_xludf.XLOOKUP(D64,'KPS #48'!D:D,'KPS #48'!L:L,0)} -> #NAME? | M64: =_xludf.XLOOKUP($D64,#REF!,#REF!,0) -> #NAME? | N64: {=_xludf.XLOOKUP(D64,'KPS #48'!D:D,'KPS #48'!N:N,0)} -> #NAME? | O64: =_xludf.XLOOKUP($D64,#REF!,#REF!,0) -> #NAME? | P64: {=_xludf.XLOOKUP(D64,'KPS #48'!D:D,'KPS #48'!P:P,0)} -> #NAME? | Q64: =_xludf.XLOOKUP($D64,#REF!,#REF!,0) -> #NAME? | R64: {=_xludf.XLOOKUP(D64,'KPS #48'!D:D,'KPS #48'!R:R,0)} -> #NAME? | S64: =_xludf.XLOOKUP($D64,#REF!,#REF!,0) -> #NAME? | T64: {=_xludf.XLOOKUP(D64,'KPS #48'!D:D,'KPS #48'!T:T,0)} -> #NAME? | U64: =_xludf.XLOOKUP($D64,#REF!,#REF!,0) -> #NAME? | V64: {=_xludf.XLOOKUP(D64,'KPS #48'!D:D,'KPS #48'!V:V,0)} -> #NAME? | W64: =_xludf.XLOOKUP($D64,#REF!,#REF!,0) -> #NAME? | X64: =SUM(V64,T64,R64,P64,N64,L64,J64) -> #NAME? | Y64: =SUM(W64,U64,S64,Q64,O64,M64,K64) -> #NAME? | AA64: =X64*IFERROR(VLOOKUP(D64,'Brand List'!$B:$D,3,0),0) -> #NAME? | AB64: =H64*IFERROR(VLOOKUP(D64,'Brand List'!$B:$D,3,0),0) -> #NAME? | AC64: =AA64-AB64 -> #NAME? | AD64: =_xlfn.XLOOKUP(D64,[1]Summary!$E:$E,[1]Summary!$L:$L,0) -> 0 | AE64: =AD64*X64 -> #NAME?
B65: PT Sejuk | C65: SKT 12 | D65: SJK12 | E65: Sejuk Alami Skt 12S | F65: Nico | Johan | G65: {=_xludf.XLOOKUP(D65,'KPS #48'!D:D,'KPS #48'!G:G,0)} -> #NAME? | H65: {=_xludf.XLOOKUP(D65,'KPS #48'!D:D,'KPS #48'!H:H,0)} -> #NAME? | I65: =IF(AND(H65=0,G65=0),"No Delivery",IF(COUNTA(J65,L65,N65,P65,R65,T65,V65)=1,"Delivery",IF(COUNTA(J65,L65,N65,P65,R65,T65,V65)>1,"Partial Delivery",IF(COUNTA(J65,L65,N65,P65,R65,T65,V65)=0,"Will be Updated")))) -> #NAME? | J65: {=_xludf.XLOOKUP(D65,'KPS #48'!D:D,'KPS #48'!J:J,0)} -> #NAME? | K65: =_xludf.XLOOKUP($D65,#REF!,#REF!,0) -> #NAME? | L65: {=_xludf.XLOOKUP(D65,'KPS #48'!D:D,'KPS #48'!L:L,0)} -> #NAME? | M65: =_xludf.XLOOKUP($D65,#REF!,#REF!,0) -> #NAME? | N65: {=_xludf.XLOOKUP(D65,'KPS #48'!D:D,'KPS #48'!N:N,0)} -> #NAME? | O65: =_xludf.XLOOKUP($D65,#REF!,#REF!,0) -> #NAME? | P65: {=_xludf.XLOOKUP(D65,'KPS #48'!D:D,'KPS #48'!P:P,0)} -> #NAME? | Q65: =_xludf.XLOOKUP($D65,#REF!,#REF!,0) -> #NAME? | R65: {=_xludf.XLOOKUP(D65,'KPS #48'!D:D,'KPS #48'!R:R,0)} -> #NAME? | S65: =_xludf.XLOOKUP($D65,#REF!,#REF!,0) -> #NAME? | T65: {=_xludf.XLOOKUP(D65,'KPS #48'!D:D,'KPS #48'!T:T,0)} -> #NAME? | U65: =_xludf.XLOOKUP($D65,#REF!,#REF!,0) -> #NAME? | V65: {=_xludf.XLOOKUP(D65,'KPS #48'!D:D,'KPS #48'!V:V,0)} -> #NAME? | W65: =_xludf.XLOOKUP($D65,#REF!,#REF!,0) -> #NAME? | X65: =SUM(V65,T65,R65,P65,N65,L65,J65) -> #NAME? | Y65: =SUM(W65,U65,S65,Q65,O65,M65,K65) -> #NAME? | Z65: Direct to Area | AA65: =X65*IFERROR(VLOOKUP(D65,'Brand List'!$B:$D,3,0),0) -> #NAME? | AB65: =H65*IFERROR(VLOOKUP(D65,'Brand List'!$B:$D,3,0),0) -> #NAME? | AC65: =AA65-AB65 -> #NAME? | AD65: =_xlfn.XLOOKUP(D65,[1]Summary!$E:$E,[1]Summary!$L:$L,0) -> 0 | AE65: =AD65*X65 -> #NAME?
A66: =D66 -> UTG12 | B66: PT Cahaya Bukit Suka | C66: SKT 12 | D66: UTG12 | E66: Untung Skt 12S | F66: Nico | Johan | G66: {=_xludf.XLOOKUP(D66,'KPS #48'!D:D,'KPS #48'!G:G,0)} -> #NAME? | H66: {=_xludf.XLOOKUP(D66,'KPS #48'!D:D,'KPS #48'!H:H,0)} -> #NAME? | I66: =IF(AND(H66=0,G66=0),"No Delivery",IF(COUNTA(J66,L66,N66,P66,R66,T66,V66)=1,"Delivery",IF(COUNTA(J66,L66,N66,P66,R66,T66,V66)>1,"Partial Delivery",IF(COUNTA(J66,L66,N66,P66,R66,T66,V66)=0,"Will be Updated")))) -> #NAME? | J66: {=_xludf.XLOOKUP(D66,'KPS #48'!D:D,'KPS #48'!J:J,0)} -> #NAME? | K66: =_xludf.XLOOKUP($D66,#REF!,#REF!,0) -> #NAME? | L66: {=_xludf.XLOOKUP(D66,'KPS #48'!D:D,'KPS #48'!L:L,0)} -> #NAME? | M66: =_xludf.XLOOKUP($D66,#REF!,#REF!,0) -> #NAME? | N66: {=_xludf.XLOOKUP(D66,'KPS #48'!D:D,'KPS #48'!N:N,0)} -> #NAME? | O66: =_xludf.XLOOKUP($D66,#REF!,#REF!,0) -> #NAME? | P66: {=_xludf.XLOOKUP(D66,'KPS #48'!D:D,'KPS #48'!P:P,0)} -> #NAME? | Q66: =_xludf.XLOOKUP($D66,#REF!,#REF!,0) -> #NAME? | R66: {=_xludf.XLOOKUP(D66,'KPS #48'!D:D,'KPS #48'!R:R,0)} -> #NAME? | S66: =_xludf.XLOOKUP($D66,#REF!,#REF!,0) -> #NAME? | T66: {=_xludf.XLOOKUP(D66,'KPS #48'!D:D,'KPS #48'!T:T,0)} -> #NAME? | U66: =_xludf.XLOOKUP($D66,#REF!,#REF!,0) -> #NAME? | V66: {=_xludf.XLOOKUP(D66,'KPS #48'!D:D,'KPS #48'!V:V,0)} -> #NAME? | W66: =_xludf.XLOOKUP($D66,#REF!,#REF!,0) -> #NAME? | X66: =SUM(V66,T66,R66,P66,N66,L66,J66) -> #NAME? | Y66: =SUM(W66,U66,S66,Q66,O66,M66,K66) -> #NAME? | AA66: =X66*IFERROR(VLOOKUP(D66,'Brand List'!$B:$D,3,0),0) -> #NAME? | AB66: =H66*IFERROR(VLOOKUP(D66,'Brand List'!$B:$D,3,0),0) -> #NAME? | AC66: =AA66-AB66 -> #NAME? | AD66: =_xlfn.XLOOKUP(D66,[1]Summary!$E:$E,[1]Summary!$L:$L,0) -> 0 | AE66: =AD66*X66 -> #NAME?
B67: PR Jolo Tundho | C67: SKT 16 | D67: DAJ16 | E67: Djiwa Alami Hijau | F67: Malvin | Johan | G67: {=_xludf.XLOOKUP(D67,'KPS #48'!D:D,'KPS #48'!G:G,0)} -> #NAME? | H67: {=_xludf.XLOOKUP(D67,'KPS #48'!D:D,'KPS #48'!H:H,0)} -> #NAME? | I67: =IF(AND(H67=0,G67=0),"No Delivery",IF(COUNTA(J67,L67,N67,P67,R67,T67,V67)=1,"Delivery",IF(COUNTA(J67,L67,N67,P67,R67,T67,V67)>1,"Partial Delivery",IF(COUNTA(J67,L67,N67,P67,R67,T67,V67)=0,"Will be Updated")))) -> #NAME? | J67: {=_xludf.XLOOKUP(D67,'KPS #48'!D:D,'KPS #48'!J:J,0)} -> #NAME? | K67: =_xludf.XLOOKUP($D67,#REF!,#REF!,0) -> #NAME? | L67: {=_xludf.XLOOKUP(D67,'KPS #48'!D:D,'KPS #48'!L:L,0)} -> #NAME? | M67: =_xludf.XLOOKUP($D67,#REF!,#REF!,0) -> #NAME? | N67: {=_xludf.XLOOKUP(D67,'KPS #48'!D:D,'KPS #48'!N:N,0)} -> #NAME? | O67: =_xludf.XLOOKUP($D67,#REF!,#REF!,0) -> #NAME? | P67: {=_xludf.XLOOKUP(D67,'KPS #48'!D:D,'KPS #48'!P:P,0)} -> #NAME? | Q67: =_xludf.XLOOKUP($D67,#REF!,#REF!,0) -> #NAME? | R67: {=_xludf.XLOOKUP(D67,'KPS #48'!D:D,'KPS #48'!R:R,0)} -> #NAME? | S67: =_xludf.XLOOKUP($D67,#REF!,#REF!,0) -> #NAME? | T67: {=_xludf.XLOOKUP(D67,'KPS #48'!D:D,'KPS #48'!T:T,0)} -> #NAME? | U67: =_xludf.XLOOKUP($D67,#REF!,#REF!,0) -> #NAME? | V67: {=_xludf.XLOOKUP(D67,'KPS #48'!D:D,'KPS #48'!V:V,0)} -> #NAME? | W67: =_xludf.XLOOKUP($D67,#REF!,#REF!,0) -> #NAME? | X67: =SUM(V67,T67,R67,P67,N67,L67,J67) -> #NAME? | Y67: =SUM(W67,U67,S67,Q67,O67,M67,K67) -> #NAME? | AA67: =X67*IFERROR(VLOOKUP(D67,'Brand List'!$B:$D,3,0),0) -> #NAME? | AB67: =H67*IFERROR(VLOOKUP(D67,'Brand List'!$B:$D,3,0),0) -> #NAME? | AC67: =AA67-AB67 -> #NAME? | AD67: =_xlfn.XLOOKUP(D67,[1]Summary!$E:$E,[1]Summary!$L:$L,0) -> 0 | AE67: =AD67*X67 -> #NAME?
A68: =D68 -> TBS12 | B68: PT Trubus Alami | C68: SKT 12 | D68: TBS12 | E68: Trubus Alami Skt 12S | F68: Malvin | Johan | G68: {=_xludf.XLOOKUP(D68,'KPS #48'!D:D,'KPS #48'!G:G,0)} -> #NAME? | H68: {=_xludf.XLOOKUP(D68,'KPS #48'!D:D,'KPS #48'!H:H,0)} -> #NAME? | I68: =IF(AND(H68=0,G68=0),"No Delivery",IF(COUNTA(J68,L68,N68,P68,R68,T68,V68)=1,"Delivery",IF(COUNTA(J68,L68,N68,P68,R68,T68,V68)>1,"Partial Delivery",IF(COUNTA(J68,L68,N68,P68,R68,T68,V68)=0,"Will be Updated")))) -> #NAME? | J68: {=_xludf.XLOOKUP(D68,'KPS #48'!D:D,'KPS #48'!J:J,0)} -> #NAME? | K68: =_xludf.XLOOKUP($D68,#REF!,#REF!,0) -> #NAME? | L68: {=_xludf.XLOOKUP(D68,'KPS #48'!D:D,'KPS #48'!L:L,0)} -> #NAME? | M68: =_xludf.XLOOKUP($D68,#REF!,#REF!,0) -> #NAME? | N68: {=_xludf.XLOOKUP(D68,'KPS #48'!D:D,'KPS #48'!N:N,0)} -> #NAME? | O68: =_xludf.XLOOKUP($D68,#REF!,#REF!,0) -> #NAME? | P68: {=_xludf.XLOOKUP(D68,'KPS #48'!D:D,'KPS #48'!P:P,0)} -> #NAME? | Q68: =_xludf.XLOOKUP($D68,#REF!,#REF!,0) -> #NAME? | R68: {=_xludf.XLOOKUP(D68,'KPS #48'!D:D,'KPS #48'!R:R,0)} -> #NAME? | S68: =_xludf.XLOOKUP($D68,#REF!,#REF!,0) -> #NAME? | T68: {=_xludf.XLOOKUP(D68,'KPS #48'!D:D,'KPS #48'!T:T,0)} -> #NAME? | U68: =_xludf.XLOOKUP($D68,#REF!,#REF!,0) -> #NAME? | V68: {=_xludf.XLOOKUP(D68,'KPS #48'!D:D,'KPS #48'!V:V,0)} -> #NAME? | W68: =_xludf.XLOOKUP($D68,#REF!,#REF!,0) -> #NAME? | X68: =SUM(V68,T68,R68,P68,N68,L68,J68) -> #NAME? | Y68: =SUM(W68,U68,S68,Q68,O68,M68,K68) -> #NAME? | Z68: Direct to Area - Remaining 610 box po kps 46 will be delivered in kps 47 | AA68: =X68*IFERROR(VLOOKUP(D68,'Brand List'!$B:$D,3,0),0) -> #NAME? | AB68: =H68*IFERROR(VLOOKUP(D68,'Brand List'!$B:$D,3,0),0) -> #NAME? | AC68: =AA68-AB68 -> #NAME? | AD68: =_xlfn.XLOOKUP(D68,[1]Summary!$E:$E,[1]Summary!$L:$L,0) -> 0 | AE68: =AD68*X68 -> #NAME?
A69: =D69 -> TBB12 | B69: PT Trubus Alami | C69: SKM HT12 | D69: TBB12 | E69: Trubus Alami Ht 12S | F69: Malvin | Johan | G69: {=_xludf.XLOOKUP(D69,'KPS #48'!D:D,'KPS #48'!G:G,0)} -> #NAME? | H69: {=_xludf.XLOOKUP(D69,'KPS #48'!D:D,'KPS #48'!H:H,0)} -> #NAME? | I69: =IF(AND(H69=0,G69=0),"No Delivery",IF(COUNTA(J69,L69,N69,P69,R69,T69,V69)=1,"Delivery",IF(COUNTA(J69,L69,N69,P69,R69,T69,V69)>1,"Partial Delivery",IF(COUNTA(J69,L69,N69,P69,R69,T69,V69)=0,"Will be Updated")))) -> #NAME? | J69: {=_xludf.XLOOKUP(D69,'KPS #48'!D:D,'KPS #48'!J:J,0)} -> #NAME? | K69: =_xludf.XLOOKUP($D69,#REF!,#REF!,0) -> #NAME? | L69: {=_xludf.XLOOKUP(D69,'KPS #48'!D:D,'KPS #48'!L:L,0)} -> #NAME? | M69: =_xludf.XLOOKUP($D69,#REF!,#REF!,0) -> #NAME? | N69: {=_xludf.XLOOKUP(D69,'KPS #48'!D:D,'KPS #48'!N:N,0)} -> #NAME? | O69: =_xludf.XLOOKUP($D69,#REF!,#REF!,0) -> #NAME? | P69: {=_xludf.XLOOKUP(D69,'KPS #48'!D:D,'KPS #48'!P:P,0)} -> #NAME? | Q69: =_xludf.XLOOKUP($D69,#REF!,#REF!,0) -> #NAME? | R69: {=_xludf.XLOOKUP(D69,'KPS #48'!D:D,'KPS #48'!R:R,0)} -> #NAME? | S69: =_xludf.XLOOKUP($D69,#REF!,#REF!,0) -> #NAME? | T69: {=_xludf.XLOOKUP(D69,'KPS #48'!D:D,'KPS #48'!T:T,0)} -> #NAME? | U69: =_xludf.XLOOKUP($D69,#REF!,#REF!,0) -> #NAME? | V69: {=_xludf.XLOOKUP(D69,'KPS #48'!D:D,'KPS #48'!V:V,0)} -> #NAME? | W69: =_xludf.XLOOKUP($D69,#REF!,#REF!,0) -> #NAME? | X69: =SUM(V69,T69,R69,P69,N69,L69,J69) -> #NAME? | Y69: =SUM(W69,U69,S69,Q69,O69,M69,K69) -> #NAME? | AA69: =X69*IFERROR(VLOOKUP(D69,'Brand List'!$B:$D,3,0),0) -> #NAME? | AB69: =H69*IFERROR(VLOOKUP(D69,'Brand List'!$B:$D,3,0),0) -> #NAME? | AC69: =AA69-AB69 -> #NAME? | AD69: =_xlfn.XLOOKUP(D69,[1]Summary!$E:$E,[1]Summary!$L:$L,0) -> 0 | AE69: =AD69*X69 -> #NAME?
A70: =D70 -> TWY16 | B70: PT Putera Jaya Sakti Perkasa | C70: SKM NTD 16 | D70: TWY16 | E70: Twizz Yellow Crush Skm Lt 16S | F70: Nico | Andry | G70: {=_xludf.XLOOKUP(D70,'KPS #48'!D:D,'KPS #48'!G:G,0)} -> #NAME? | H70: {=_xludf.XLOOKUP(D70,'KPS #48'!D:D,'KPS #48'!H:H,0)} -> #NAME? | I70: =IF(AND(H70=0,G70=0),"No Delivery",IF(COUNTA(J70,L70,N70,P70,R70,T70,V70)=1,"Delivery",IF(COUNTA(J70,L70,N70,P70,R70,T70,V70)>1,"Partial Delivery",IF(COUNTA(J70,L70,N70,P70,R70,T70,V70)=0,"Will be Updated")))) -> #NAME? | J70: {=_xludf.XLOOKUP(D70,'KPS #48'!D:D,'KPS #48'!J:J,0)} -> #NAME? | K70: =_xludf.XLOOKUP($D70,#REF!,#REF!,0) -> #NAME? | L70: {=_xludf.XLOOKUP(D70,'KPS #48'!D:D,'KPS #48'!L:L,0)} -> #NAME? | M70: =_xludf.XLOOKUP($D70,#REF!,#REF!,0) -> #NAME? | N70: {=_xludf.XLOOKUP(D70,'KPS #48'!D:D,'KPS #48'!N:N,0)} -> #NAME? | O70: =_xludf.XLOOKUP($D70,#REF!,#REF!,0) -> #NAME? | P70: {=_xludf.XLOOKUP(D70,'KPS #48'!D:D,'KPS #48'!P:P,0)} -> #NAME? | Q70: =_xludf.XLOOKUP($D70,#REF!,#REF!,0) -> #NAME? | R70: {=_xludf.XLOOKUP(D70,'KPS #48'!D:D,'KPS #48'!R:R,0)} -> #NAME? | S70: =_xludf.XLOOKUP($D70,#REF!,#REF!,0) -> #NAME? | T70: {=_xludf.XLOOKUP(D70,'KPS #48'!D:D,'KPS #48'!T:T,0)} -> #NAME? | U70: =_xludf.XLOOKUP($D70,#REF!,#REF!,0) -> #NAME? | V70: {=_xludf.XLOOKUP(D70,'KPS #48'!D:D,'KPS #48'!V:V,0)} -> #NAME? | W70: =_xludf.XLOOKUP($D70,#REF!,#REF!,0) -> #NAME? | X70: =SUM(V70,T70,R70,P70,N70,L70,J70) -> #NAME? | Y70: =SUM(W70,U70,S70,Q70,O70,M70,K70) -> #NAME? | AA70: =X70*IFERROR(VLOOKUP(D70,'Brand List'!$B:$D,3,0),0) -> #NAME? | AB70: =H70*IFERROR(VLOOKUP(D70,'Brand List'!$B:$D,3,0),0) -> #NAME? | AC70: =AA70-AB70 -> #NAME? | AD70: =_xlfn.XLOOKUP(D70,[1]Summary!$E:$E,[1]Summary!$L:$L,0) -> 0 | AE70: =AD70*X70 -> #NAME?
A71: =D71 -> TWR16 | B71: PT Putera Jaya Sakti Perkasa | C71: SKM NTD 16 | D71: TWR16 | E71: Twizz Royal Crush Skm Lt 16S | F71: Nico | Andry | G71: {=_xludf.XLOOKUP(D71,'KPS #48'!D:D,'KPS #48'!G:G,0)} -> #NAME? | H71: {=_xludf.XLOOKUP(D71,'KPS #48'!D:D,'KPS #48'!H:H,0)} -> #NAME? | I71: =IF(AND(H71=0,G71=0),"No Delivery",IF(COUNTA(J71,L71,N71,P71,R71,T71,V71)=1,"Delivery",IF(COUNTA(J71,L71,N71,P71,R71,T71,V71)>1,"Partial Delivery",IF(COUNTA(J71,L71,N71,P71,R71,T71,V71)=0,"Will be Updated")))) -> #NAME? | J71: {=_xludf.XLOOKUP(D71,'KPS #48'!D:D,'KPS #48'!J:J,0)} -> #NAME? | K71: =_xludf.XLOOKUP($D71,#REF!,#REF!,0) -> #NAME? | L71: {=_xludf.XLOOKUP(D71,'KPS #48'!D:D,'KPS #48'!L:L,0)} -> #NAME? | M71: =_xludf.XLOOKUP($D71,#REF!,#REF!,0) -> #NAME? | N71: {=_xludf.XLOOKUP(D71,'KPS #48'!D:D,'KPS #48'!N:N,0)} -> #NAME? | O71: =_xludf.XLOOKUP($D71,#REF!,#REF!,0) -> #NAME? | P71: {=_xludf.XLOOKUP(D71,'KPS #48'!D:D,'KPS #48'!P:P,0)} -> #NAME? | Q71: =_xludf.XLOOKUP($D71,#REF!,#REF!,0) -> #NAME? | R71: {=_xludf.XLOOKUP(D71,'KPS #48'!D:D,'KPS #48'!R:R,0)} -> #NAME? | S71: =_xludf.XLOOKUP($D71,#REF!,#REF!,0) -> #NAME? | T71: {=_xludf.XLOOKUP(D71,'KPS #48'!D:D,'KPS #48'!T:T,0)} -> #NAME? | U71: =_xludf.XLOOKUP($D71,#REF!,#REF!,0) -> #NAME? | V71: {=_xludf.XLOOKUP(D71,'KPS #48'!D:D,'KPS #48'!V:V,0)} -> #NAME? | W71: =_xludf.XLOOKUP($D71,#REF!,#REF!,0) -> #NAME? | X71: =SUM(V71,T71,R71,P71,N71,L71,J71) -> #NAME? | Y71: =SUM(W71,U71,S71,Q71,O71,M71,K71) -> #NAME? | Z71: Updated || GR Shift 3 | AA71: =X71*IFERROR(VLOOKUP(D71,'Brand List'!$B:$D,3,0),0) -> #NAME? | AB71: =H71*IFERROR(VLOOKUP(D71,'Brand List'!$B:$D,3,0),0) -> #NAME? | AC71: =AA71-AB71 -> #NAME? | AD71: =_xlfn.XLOOKUP(D71,[1]Summary!$E:$E,[1]Summary!$L:$L,0) -> 0 | AE71: =AD71*X71 -> #NAME?
A72: =D72 -> TWG16 | B72: PT Putera Jaya Sakti Perkasa | C72: SKM NTD 16 | D72: TWG16 | E72: Twizz Green Crush Skm Lt 16S | F72: Nico | Andry | G72: {=_xludf.XLOOKUP(D72,'KPS #48'!D:D,'KPS #48'!G:G,0)} -> #NAME? | H72: {=_xludf.XLOOKUP(D72,'KPS #48'!D:D,'KPS #48'!H:H,0)} -> #NAME? | I72: =IF(AND(H72=0,G72=0),"No Delivery",IF(COUNTA(J72,L72,N72,P72,R72,T72,V72)=1,"Delivery",IF(COUNTA(J72,L72,N72,P72,R72,T72,V72)>1,"Partial Delivery",IF(COUNTA(J72,L72,N72,P72,R72,T72,V72)=0,"Will be Updated")))) -> #NAME? | J72: {=_xludf.XLOOKUP(D72,'KPS #48'!D:D,'KPS #48'!J:J,0)} -> #NAME? | K72: =_xludf.XLOOKUP($D72,#REF!,#REF!,0) -> #NAME? | L72: {=_xludf.XLOOKUP(D72,'KPS #48'!D:D,'KPS #48'!L:L,0)} -> #NAME? | M72: =_xludf.XLOOKUP($D72,#REF!,#REF!,0) -> #NAME? | N72: {=_xludf.XLOOKUP(D72,'KPS #48'!D:D,'KPS #48'!N:N,0)} -> #NAME? | O72: =_xludf.XLOOKUP($D72,#REF!,#REF!,0) -> #NAME? | P72: {=_xludf.XLOOKUP(D72,'KPS #48'!D:D,'KPS #48'!P:P,0)} -> #NAME? | Q72: =_xludf.XLOOKUP($D72,#REF!,#REF!,0) -> #NAME? | R72: {=_xludf.XLOOKUP(D72,'KPS #48'!D:D,'KPS #48'!R:R,0)} -> #NAME? | S72: =_xludf.XLOOKUP($D72,#REF!,#REF!,0) -> #NAME? | T72: {=_xludf.XLOOKUP(D72,'KPS #48'!D:D,'KPS #48'!T:T,0)} -> #NAME? | U72: =_xludf.XLOOKUP($D72,#REF!,#REF!,0) -> #NAME? | V72: {=_xludf.XLOOKUP(D72,'KPS #48'!D:D,'KPS #48'!V:V,0)} -> #NAME? | W72: =_xludf.XLOOKUP($D72,#REF!,#REF!,0) -> #NAME? | X72: =SUM(V72,T72,R72,P72,N72,L72,J72) -> #NAME? | Y72: =SUM(W72,U72,S72,Q72,O72,M72,K72) -> #NAME? | AA72: =X72*IFERROR(VLOOKUP(D72,'Brand List'!$B:$D,3,0),0) -> #NAME? | AB72: =H72*IFERROR(VLOOKUP(D72,'Brand List'!$B:$D,3,0),0) -> #NAME? | AC72: =AA72-AB72 -> #NAME? | AD72: =_xlfn.XLOOKUP(D72,[1]Summary!$E:$E,[1]Summary!$L:$L,0) -> 0 | AE72: =AD72*X72 -> #NAME?
A73: =D73 -> TWS16 | B73: PT Putera Jaya Sakti Perkasa | C73: SKM NTD 16 | D73: TWS16 | E73: Twizz Summer Crush Skm Lt 16S | F73: Nico | Andry | G73: {=_xludf.XLOOKUP(D73,'KPS #48'!D:D,'KPS #48'!G:G,0)} -> #NAME? | H73: {=_xludf.XLOOKUP(D73,'KPS #48'!D:D,'KPS #48'!H:H,0)} -> #NAME? | I73: =IF(AND(H73=0,G73=0),"No Delivery",IF(COUNTA(J73,L73,N73,P73,R73,T73,V73)=1,"Delivery",IF(COUNTA(J73,L73,N73,P73,R73,T73,V73)>1,"Partial Delivery",IF(COUNTA(J73,L73,N73,P73,R73,T73,V73)=0,"Will be Updated")))) -> #NAME? | J73: {=_xludf.XLOOKUP(D73,'KPS #48'!D:D,'KPS #48'!J:J,0)} -> #NAME? | K73: =_xludf.XLOOKUP($D73,#REF!,#REF!,0) -> #NAME? | L73: {=_xludf.XLOOKUP(D73,'KPS #48'!D:D,'KPS #48'!L:L,0)} -> #NAME? | M73: =_xludf.XLOOKUP($D73,#REF!,#REF!,0) -> #NAME? | N73: {=_xludf.XLOOKUP(D73,'KPS #48'!D:D,'KPS #48'!N:N,0)} -> #NAME? | O73: =_xludf.XLOOKUP($D73,#REF!,#REF!,0) -> #NAME? | P73: {=_xludf.XLOOKUP(D73,'KPS #48'!D:D,'KPS #48'!P:P,0)} -> #NAME? | Q73: =_xludf.XLOOKUP($D73,#REF!,#REF!,0) -> #NAME? | R73: {=_xludf.XLOOKUP(D73,'KPS #48'!D:D,'KPS #48'!R:R,0)} -> #NAME? | S73: =_xludf.XLOOKUP($D73,#REF!,#REF!,0) -> #NAME? | T73: {=_xludf.XLOOKUP(D73,'KPS #48'!D:D,'KPS #48'!T:T,0)} -> #NAME? | U73: =_xludf.XLOOKUP($D73,#REF!,#REF!,0) -> #NAME? | V73: {=_xludf.XLOOKUP(D73,'KPS #48'!D:D,'KPS #48'!V:V,0)} -> #NAME? | W73: =_xludf.XLOOKUP($D73,#REF!,#REF!,0) -> #NAME? | X73: =SUM(V73,T73,R73,P73,N73,L73,J73) -> #NAME? | Y73: =SUM(W73,U73,S73,Q73,O73,M73,K73) -> #NAME? | AA73: =X73*IFERROR(VLOOKUP(D73,'Brand List'!$B:$D,3,0),0) -> #NAME? | AB73: =H73*IFERROR(VLOOKUP(D73,'Brand List'!$B:$D,3,0),0) -> #NAME? | AC73: =AA73-AB73 -> #NAME? | AD73: =_xlfn.XLOOKUP(D73,[1]Summary!$E:$E,[1]Summary!$L:$L,0) -> 0 | AE73: =AD73*X73 -> #NAME?
A74: =D74 -> TWD16 | B74: PT Putera Jaya Sakti Perkasa | C74: SKM NTD 16 | D74: TWD16 | E74: Twizz Red Crush Skm Lt 16S | F74: Nico | Andry | G74: {=_xludf.XLOOKUP(D74,'KPS #48'!D:D,'KPS #48'!G:G,0)} -> #NAME? | H74: {=_xludf.XLOOKUP(D74,'KPS #48'!D:D,'KPS #48'!H:H,0)} -> #NAME? | I74: =IF(AND(H74=0,G74=0),"No Delivery",IF(COUNTA(J74,L74,N74,P74,R74,T74,V74)=1,"Delivery",IF(COUNTA(J74,L74,N74,P74,R74,T74,V74)>1,"Partial Delivery",IF(COUNTA(J74,L74,N74,P74,R74,T74,V74)=0,"Will be Updated")))) -> #NAME? | J74: {=_xludf.XLOOKUP(D74,'KPS #48'!D:D,'KPS #48'!J:J,0)} -> #NAME? | K74: =_xludf.XLOOKUP($D74,#REF!,#REF!,0) -> #NAME? | L74: {=_xludf.XLOOKUP(D74,'KPS #48'!D:D,'KPS #48'!L:L,0)} -> #NAME? | M74: =_xludf.XLOOKUP($D74,#REF!,#REF!,0) -> #NAME? | N74: {=_xludf.XLOOKUP(D74,'KPS #48'!D:D,'KPS #48'!N:N,0)} -> #NAME? | O74: =_xludf.XLOOKUP($D74,#REF!,#REF!,0) -> #NAME? | P74: {=_xludf.XLOOKUP(D74,'KPS #48'!D:D,'KPS #48'!P:P,0)} -> #NAME? | Q74: =_xludf.XLOOKUP($D74,#REF!,#REF!,0) -> #NAME? | R74: {=_xludf.XLOOKUP(D74,'KPS #48'!D:D,'KPS #48'!R:R,0)} -> #NAME? | S74: =_xludf.XLOOKUP($D74,#REF!,#REF!,0) -> #NAME? | T74: {=_xludf.XLOOKUP(D74,'KPS #48'!D:D,'KPS #48'!T:T,0)} -> #NAME? | U74: =_xludf.XLOOKUP($D74,#REF!,#REF!,0) -> #NAME? | V74: {=_xludf.XLOOKUP(D74,'KPS #48'!D:D,'KPS #48'!V:V,0)} -> #NAME? | W74: =_xludf.XLOOKUP($D74,#REF!,#REF!,0) -> #NAME? | X74: =SUM(V74,T74,R74,P74,N74,L74,J74) -> #NAME? | Y74: =SUM(W74,U74,S74,Q74,O74,M74,K74) -> #NAME? | AA74: =X74*IFERROR(VLOOKUP(D74,'Brand List'!$B:$D,3,0),0) -> #NAME? | AB74: =H74*IFERROR(VLOOKUP(D74,'Brand List'!$B:$D,3,0),0) -> #NAME? | AC74: =AA74-AB74 -> #NAME? | AD74: =_xlfn.XLOOKUP(D74,[1]Summary!$E:$E,[1]Summary!$L:$L,0) -> 0 | AE74: =AD74*X74 -> #NAME?
A75: =D75 -> TWP16 | B75: PT Putera Jaya Sakti Perkasa | C75: SKM LT 16 | D75: TWP16 | E75: Twizz Prime Skm Lt 16S | F75: Nico | Andry | G75: {=_xludf.XLOOKUP(D75,'KPS #48'!D:D,'KPS #48'!G:G,0)} -> #NAME? | H75: {=_xludf.XLOOKUP(D75,'KPS #48'!D:D,'KPS #48'!H:H,0)} -> #NAME? | I75: =IF(AND(H75=0,G75=0),"No Delivery",IF(COUNTA(J75,L75,N75,P75,R75,T75,V75)=1,"Delivery",IF(COUNTA(J75,L75,N75,P75,R75,T75,V75)>1,"Partial Delivery",IF(COUNTA(J75,L75,N75,P75,R75,T75,V75)=0,"Will be Updated")))) -> #NAME? | J75: {=_xludf.XLOOKUP(D75,'KPS #48'!D:D,'KPS #48'!J:J,0)} -> #NAME? | K75: =_xludf.XLOOKUP($D75,#REF!,#REF!,0) -> #NAME? | L75: {=_xludf.XLOOKUP(D75,'KPS #48'!D:D,'KPS #48'!L:L,0)} -> #NAME? | M75: =_xludf.XLOOKUP($D75,#REF!,#REF!,0) -> #NAME? | N75: {=_xludf.XLOOKUP(D75,'KPS #48'!D:D,'KPS #48'!N:N,0)} -> #NAME? | O75: =_xludf.XLOOKUP($D75,#REF!,#REF!,0) -> #NAME? | P75: {=_xludf.XLOOKUP(D75,'KPS #48'!D:D,'KPS #48'!P:P,0)} -> #NAME? | Q75: =_xludf.XLOOKUP($D75,#REF!,#REF!,0) -> #NAME? | R75: {=_xludf.XLOOKUP(D75,'KPS #48'!D:D,'KPS #48'!R:R,0)} -> #NAME? | S75: =_xludf.XLOOKUP($D75,#REF!,#REF!,0) -> #NAME? | T75: {=_xludf.XLOOKUP(D75,'KPS #48'!D:D,'KPS #48'!T:T,0)} -> #NAME? | U75: =_xludf.XLOOKUP($D75,#REF!,#REF!,0) -> #NAME? | V75: {=_xludf.XLOOKUP(D75,'KPS #48'!D:D,'KPS #48'!V:V,0)} -> #NAME? | W75: =_xludf.XLOOKUP($D75,#REF!,#REF!,0) -> #NAME? | X75: =SUM(V75,T75,R75,P75,N75,L75,J75) -> #NAME? | Y75: =SUM(W75,U75,S75,Q75,O75,M75,K75) -> #NAME? | Z75: GR Shift 3 | AA75: =X75*IFERROR(VLOOKUP(D75,'Brand List'!$B:$D,3,0),0) -> #NAME? | AB75: =H75*IFERROR(VLOOKUP(D75,'Brand List'!$B:$D,3,0),0) -> #NAME? | AC75: =AA75-AB75 -> #NAME? | AD75: =_xlfn.XLOOKUP(D75,[1]Summary!$E:$E,[1]Summary!$L:$L,0) -> 0 | AE75: =AD75*X75 -> #NAME?
A76: =D76 -> TWR12 | B76: PT Putera Jaya Sakti Perkasa | C76: SKM NTD 12 | D76: TWR12 | E76: Twizz Royal Crush Skm Lt 12S | F76: Nico | Andry | G76: {=_xludf.XLOOKUP(D76,'KPS #48'!D:D,'KPS #48'!G:G,0)} -> #NAME? | H76: {=_xludf.XLOOKUP(D76,'KPS #48'!D:D,'KPS #48'!H:H,0)} -> #NAME? | I76: =IF(AND(H76=0,G76=0),"No Delivery",IF(COUNTA(J76,L76,N76,P76,R76,T76,V76)=1,"Delivery",IF(COUNTA(J76,L76,N76,P76,R76,T76,V76)>1,"Partial Delivery",IF(COUNTA(J76,L76,N76,P76,R76,T76,V76)=0,"Will be Updated")))) -> #NAME? | J76: {=_xludf.XLOOKUP(D76,'KPS #48'!D:D,'KPS #48'!J:J,0)} -> #NAME? | K76: =_xludf.XLOOKUP($D76,#REF!,#REF!,0) -> #NAME? | L76: {=_xludf.XLOOKUP(D76,'KPS #48'!D:D,'KPS #48'!L:L,0)} -> #NAME? | M76: =_xludf.XLOOKUP($D76,#REF!,#REF!,0) -> #NAME? | N76: {=_xludf.XLOOKUP(D76,'KPS #48'!D:D,'KPS #48'!N:N,0)} -> #NAME? | O76: =_xludf.XLOOKUP($D76,#REF!,#REF!,0) -> #NAME? | P76: {=_xludf.XLOOKUP(D76,'KPS #48'!D:D,'KPS #48'!P:P,0)} -> #NAME? | Q76: =_xludf.XLOOKUP($D76,#REF!,#REF!,0) -> #NAME? | R76: {=_xludf.XLOOKUP(D76,'KPS #48'!D:D,'KPS #48'!R:R,0)} -> #NAME? | S76: =_xludf.XLOOKUP($D76,#REF!,#REF!,0) -> #NAME? | T76: {=_xludf.XLOOKUP(D76,'KPS #48'!D:D,'KPS #48'!T:T,0)} -> #NAME? | U76: =_xludf.XLOOKUP($D76,#REF!,#REF!,0) -> #NAME? | V76: {=_xludf.XLOOKUP(D76,'KPS #48'!D:D,'KPS #48'!V:V,0)} -> #NAME? | W76: =_xludf.XLOOKUP($D76,#REF!,#REF!,0) -> #NAME? | X76: =SUM(V76,T76,R76,P76,N76,L76,J76) -> #NAME? | Y76: =SUM(W76,U76,S76,Q76,O76,M76,K76) -> #NAME? | Z76: GR Shift 3 | AA76: =X76*IFERROR(VLOOKUP(D76,'Brand List'!$B:$D,3,0),0) -> #NAME? | AB76: =H76*IFERROR(VLOOKUP(D76,'Brand List'!$B:$D,3,0),0) -> #NAME? | AC76: =AA76-AB76 -> #NAME? | AD76: =_xlfn.XLOOKUP(D76,[1]Summary!$E:$E,[1]Summary!$L:$L,0) -> 0 | AE76: =AD76*X76 -> #NAME?
B77: PT Putera Jaya Sakti Perkasa | C77: SKM NTD 16 | D77: TPT16 | E77: Twizz Prime Tropical Skm Lt 16S | F77: Nico | Andry | G77: {=_xludf.XLOOKUP(D77,'KPS #48'!D:D,'KPS #48'!G:G,0)} -> #NAME? | H77: {=_xludf.XLOOKUP(D77,'KPS #48'!D:D,'KPS #48'!H:H,0)} -> #NAME? | I77: =IF(AND(H77=0,G77=0),"No Delivery",IF(COUNTA(J77,L77,N77,P77,R77,T77,V77)=1,"Delivery",IF(COUNTA(J77,L77,N77,P77,R77,T77,V77)>1,"Partial Delivery",IF(COUNTA(J77,L77,N77,P77,R77,T77,V77)=0,"Will be Updated")))) -> #NAME? | J77: {=_xludf.XLOOKUP(D77,'KPS #48'!D:D,'KPS #48'!J:J,0)} -> #NAME? | K77: =_xludf.XLOOKUP($D77,#REF!,#REF!,0) -> #NAME? | L77: {=_xludf.XLOOKUP(D77,'KPS #48'!D:D,'KPS #48'!L:L,0)} -> #NAME? | M77: =_xludf.XLOOKUP($D77,#REF!,#REF!,0) -> #NAME? | N77: {=_xludf.XLOOKUP(D77,'KPS #48'!D:D,'KPS #48'!N:N,0)} -> #NAME? | O77: =_xludf.XLOOKUP($D77,#REF!,#REF!,0) -> #NAME? | P77: {=_xludf.XLOOKUP(D77,'KPS #48'!D:D,'KPS #48'!P:P,0)} -> #NAME? | Q77: =_xludf.XLOOKUP($D77,#REF!,#REF!,0) -> #NAME? | R77: {=_xludf.XLOOKUP(D77,'KPS #48'!D:D,'KPS #48'!R:R,0)} -> #NAME? | S77: =_xludf.XLOOKUP($D77,#REF!,#REF!,0) -> #NAME? | T77: {=_xludf.XLOOKUP(D77,'KPS #48'!D:D,'KPS #48'!T:T,0)} -> #NAME? | U77: =_xludf.XLOOKUP($D77,#REF!,#REF!,0) -> #NAME? | V77: {=_xludf.XLOOKUP(D77,'KPS #48'!D:D,'KPS #48'!V:V,0)} -> #NAME? | W77: =_xludf.XLOOKUP($D77,#REF!,#REF!,0) -> #NAME? | X77: =SUM(V77,T77,R77,P77,N77,L77,J77) -> #NAME? | Y77: =SUM(W77,U77,S77,Q77,O77,M77,K77) -> #NAME? | AA77: =X77*IFERROR(VLOOKUP(D77,'Brand List'!$B:$D,3,0),0) -> #NAME? | AB77: =H77*IFERROR(VLOOKUP(D77,'Brand List'!$B:$D,3,0),0) -> #NAME? | AC77: =AA77-AB77 -> #NAME? | AD77: =_xlfn.XLOOKUP(D77,[1]Summary!$E:$E,[1]Summary!$L:$L,0) -> 0 | AE77: =AD77*X77 -> #NAME?
B78: PT Putera Jaya Sakti Perkasa | C78: SKM NTD 16 | D78: TPR16 | E78: Twizz Prime Royal Skm Lt 16S | F78: Nico | Andry | G78: {=_xludf.XLOOKUP(D78,'KPS #48'!D:D,'KPS #48'!G:G,0)} -> #NAME? | H78: {=_xludf.XLOOKUP(D78,'KPS #48'!D:D,'KPS #48'!H:H,0)} -> #NAME? | I78: =IF(AND(H78=0,G78=0),"No Delivery",IF(COUNTA(J78,L78,N78,P78,R78,T78,V78)=1,"Delivery",IF(COUNTA(J78,L78,N78,P78,R78,T78,V78)>1,"Partial Delivery",IF(COUNTA(J78,L78,N78,P78,R78,T78,V78)=0,"Will be Updated")))) -> #NAME? | J78: {=_xludf.XLOOKUP(D78,'KPS #48'!D:D,'KPS #48'!J:J,0)} -> #NAME? | K78: =_xludf.XLOOKUP($D78,#REF!,#REF!,0) -> #NAME? | L78: {=_xludf.XLOOKUP(D78,'KPS #48'!D:D,'KPS #48'!L:L,0)} -> #NAME? | M78: =_xludf.XLOOKUP($D78,#REF!,#REF!,0) -> #NAME? | N78: {=_xludf.XLOOKUP(D78,'KPS #48'!D:D,'KPS #48'!N:N,0)} -> #NAME? | O78: =_xludf.XLOOKUP($D78,#REF!,#REF!,0) -> #NAME? | P78: {=_xludf.XLOOKUP(D78,'KPS #48'!D:D,'KPS #48'!P:P,0)} -> #NAME? | Q78: =_xludf.XLOOKUP($D78,#REF!,#REF!,0) -> #NAME? | R78: {=_xludf.XLOOKUP(D78,'KPS #48'!D:D,'KPS #48'!R:R,0)} -> #NAME? | S78: =_xludf.XLOOKUP($D78,#REF!,#REF!,0) -> #NAME? | T78: {=_xludf.XLOOKUP(D78,'KPS #48'!D:D,'KPS #48'!T:T,0)} -> #NAME? | U78: =_xludf.XLOOKUP($D78,#REF!,#REF!,0) -> #NAME? | V78: {=_xludf.XLOOKUP(D78,'KPS #48'!D:D,'KPS #48'!V:V,0)} -> #NAME? | W78: =_xludf.XLOOKUP($D78,#REF!,#REF!,0) -> #NAME? | X78: =SUM(V78,T78,R78,P78,N78,L78,J78) -> #NAME? | Y78: =SUM(W78,U78,S78,Q78,O78,M78,K78) -> #NAME? | AA78: =X78*IFERROR(VLOOKUP(D78,'Brand List'!$B:$D,3,0),0) -> #NAME? | AB78: =H78*IFERROR(VLOOKUP(D78,'Brand List'!$B:$D,3,0),0) -> #NAME? | AC78: =AA78-AB78 -> #NAME? | AD78: =_xlfn.XLOOKUP(D78,[1]Summary!$E:$E,[1]Summary!$L:$L,0) -> 0 | AE78: =AD78*X78 -> #NAME?
A79: =D79 -> DFB12 | B79: PT Putera Jaya Sakti Perkasa | C79: SKM HT 12 | D79: DFB12 | E79: Duff Bold Filter 12S | F79: Nico | Andry | G79: {=_xludf.XLOOKUP(D79,'KPS #48'!D:D,'KPS #48'!G:G,0)} -> #NAME? | H79: {=_xludf.XLOOKUP(D79,'KPS #48'!D:D,'KPS #48'!H:H,0)} -> #NAME? | I79: =IF(AND(H79=0,G79=0),"No Delivery",IF(COUNTA(J79,L79,N79,P79,R79,T79,V79)=1,"Delivery",IF(COUNTA(J79,L79,N79,P79,R79,T79,V79)>1,"Partial Delivery",IF(COUNTA(J79,L79,N79,P79,R79,T79,V79)=0,"Will be Updated")))) -> #NAME? | J79: {=_xludf.XLOOKUP(D79,'KPS #48'!D:D,'KPS #48'!J:J,0)} -> #NAME? | K79: =_xludf.XLOOKUP($D79,#REF!,#REF!,0) -> #NAME? | L79: {=_xludf.XLOOKUP(D79,'KPS #48'!D:D,'KPS #48'!L:L,0)} -> #NAME? | M79: =_xludf.XLOOKUP($D79,#REF!,#REF!,0) -> #NAME? | N79: {=_xludf.XLOOKUP(D79,'KPS #48'!D:D,'KPS #48'!N:N,0)} -> #NAME? | O79: =_xludf.XLOOKUP($D79,#REF!,#REF!,0) -> #NAME? | P79: {=_xludf.XLOOKUP(D79,'KPS #48'!D:D,'KPS #48'!P:P,0)} -> #NAME? | Q79: =_xludf.XLOOKUP($D79,#REF!,#REF!,0) -> #NAME? | R79: {=_xludf.XLOOKUP(D79,'KPS #48'!D:D,'KPS #48'!R:R,0)} -> #NAME? | S79: =_xludf.XLOOKUP($D79,#REF!,#REF!,0) -> #NAME? | T79: {=_xludf.XLOOKUP(D79,'KPS #48'!D:D,'KPS #48'!T:T,0)} -> #NAME? | U79: =_xludf.XLOOKUP($D79,#REF!,#REF!,0) -> #NAME? | V79: {=_xludf.XLOOKUP(D79,'KPS #48'!D:D,'KPS #48'!V:V,0)} -> #NAME? | W79: =_xludf.XLOOKUP($D79,#REF!,#REF!,0) -> #NAME? | X79: =SUM(V79,T79,R79,P79,N79,L79,J79) -> #NAME? | Y79: =SUM(W79,U79,S79,Q79,O79,M79,K79) -> #NAME? | AA79: =X79*IFERROR(VLOOKUP(D79,'Brand List'!$B:$D,3,0),0) -> #NAME? | AB79: =H79*IFERROR(VLOOKUP(D79,'Brand List'!$B:$D,3,0),0) -> #NAME? | AC79: =AA79-AB79 -> #NAME? | AD79: =_xlfn.XLOOKUP(D79,[1]Summary!$E:$E,[1]Summary!$L:$L,0) -> 0 | AE79: =AD79*X79 -> #NAME?
A80: =D80 -> DFB20 | B80: PT Putera Jaya Sakti Perkasa | C80: SKM HT 20 | D80: DFB20 | E80: Duff Bold Filter 20S | F80: Nico | Andry | G80: {=_xludf.XLOOKUP(D80,'KPS #48'!D:D,'KPS #48'!G:G,0)} -> #NAME? | H80: {=_xludf.XLOOKUP(D80,'KPS #48'!D:D,'KPS #48'!H:H,0)} -> #NAME? | I80: =IF(AND(H80=0,G80=0),"No Delivery",IF(COUNTA(J80,L80,N80,P80,R80,T80,V80)=1,"Delivery",IF(COUNTA(J80,L80,N80,P80,R80,T80,V80)>1,"Partial Delivery",IF(COUNTA(J80,L80,N80,P80,R80,T80,V80)=0,"Will be Updated")))) -> #NAME? | J80: {=_xludf.XLOOKUP(D80,'KPS #48'!D:D,'KPS #48'!J:J,0)} -> #NAME? | K80: =_xludf.XLOOKUP($D80,#REF!,#REF!,0) -> #NAME? | L80: {=_xludf.XLOOKUP(D80,'KPS #48'!D:D,'KPS #48'!L:L,0)} -> #NAME? | M80: =_xludf.XLOOKUP($D80,#REF!,#REF!,0) -> #NAME? | N80: {=_xludf.XLOOKUP(D80,'KPS #48'!D:D,'KPS #48'!N:N,0)} -> #NAME? | O80: =_xludf.XLOOKUP($D80,#REF!,#REF!,0) -> #NAME? | P80: {=_xludf.XLOOKUP(D80,'KPS #48'!D:D,'KPS #48'!P:P,0)} -> #NAME? | Q80: =_xludf.XLOOKUP($D80,#REF!,#REF!,0) -> #NAME? | R80: {=_xludf.XLOOKUP(D80,'KPS #48'!D:D,'KPS #48'!R:R,0)} -> #NAME? | S80: =_xludf.XLOOKUP($D80,#REF!,#REF!,0) -> #NAME? | T80: {=_xludf.XLOOKUP(D80,'KPS #48'!D:D,'KPS #48'!T:T,0)} -> #NAME? | U80: =_xludf.XLOOKUP($D80,#REF!,#REF!,0) -> #NAME? | V80: {=_xludf.XLOOKUP(D80,'KPS #48'!D:D,'KPS #48'!V:V,0)} -> #NAME? | W80: =_xludf.XLOOKUP($D80,#REF!,#REF!,0) -> #NAME? | X80: =SUM(V80,T80,R80,P80,N80,L80,J80) -> #NAME? | Y80: =SUM(W80,U80,S80,Q80,O80,M80,K80) -> #NAME? | Z80: Remaining outstand 3200 box || GR Shift 3 | AA80: =X80*IFERROR(VLOOKUP(D80,'Brand List'!$B:$D,3,0),0) -> #NAME? | AB80: =H80*IFERROR(VLOOKUP(D80,'Brand List'!$B:$D,3,0),0) -> #NAME? | AC80: =AA80-AB80 -> #NAME? | AD80: =_xlfn.XLOOKUP(D80,[1]Summary!$E:$E,[1]Summary!$L:$L,0) -> 0 | AE80: =AD80*X80 -> #NAME?
A81: =D81 -> DFI12 | B81: PT Putera Jaya Sakti Perkasa | C81: SKM HT 12 | D81: DFI12 | E81: Duff Inter F12S | F81: Nico | Andry | G81: {=_xludf.XLOOKUP(D81,'KPS #48'!D:D,'KPS #48'!G:G,0)} -> #NAME? | H81: {=_xludf.XLOOKUP(D81,'KPS #48'!D:D,'KPS #48'!H:H,0)} -> #NAME? | I81: =IF(AND(H81=0,G81=0),"No Delivery",IF(COUNTA(J81,L81,N81,P81,R81,T81,V81)=1,"Delivery",IF(COUNTA(J81,L81,N81,P81,R81,T81,V81)>1,"Partial Delivery",IF(COUNTA(J81,L81,N81,P81,R81,T81,V81)=0,"Will be Updated")))) -> #NAME? | J81: {=_xludf.XLOOKUP(D81,'KPS #48'!D:D,'KPS #48'!J:J,0)} -> #NAME? | K81: =_xludf.XLOOKUP($D81,#REF!,#REF!,0) -> #NAME? | L81: {=_xludf.XLOOKUP(D81,'KPS #48'!D:D,'KPS #48'!L:L,0)} -> #NAME? | M81: =_xludf.XLOOKUP($D81,#REF!,#REF!,0) -> #NAME? | N81: {=_xludf.XLOOKUP(D81,'KPS #48'!D:D,'KPS #48'!N:N,0)} -> #NAME? | O81: =_xludf.XLOOKUP($D81,#REF!,#REF!,0) -> #NAME? | P81: {=_xludf.XLOOKUP(D81,'KPS #48'!D:D,'KPS #48'!P:P,0)} -> #NAME? | Q81: =_xludf.XLOOKUP($D81,#REF!,#REF!,0) -> #NAME? | R81: {=_xludf.XLOOKUP(D81,'KPS #48'!D:D,'KPS #48'!R:R,0)} -> #NAME? | S81: =_xludf.XLOOKUP($D81,#REF!,#REF!,0) -> #NAME? | T81: {=_xludf.XLOOKUP(D81,'KPS #48'!D:D,'KPS #48'!T:T,0)} -> #NAME? | U81: =_xludf.XLOOKUP($D81,#REF!,#REF!,0) -> #NAME? | V81: {=_xludf.XLOOKUP(D81,'KPS #48'!D:D,'KPS #48'!V:V,0)} -> #NAME? | W81: =_xludf.XLOOKUP($D81,#REF!,#REF!,0) -> #NAME? | X81: =SUM(V81,T81,R81,P81,N81,L81,J81) -> #NAME? | Y81: =SUM(W81,U81,S81,Q81,O81,M81,K81) -> #NAME? | AA81: =X81*IFERROR(VLOOKUP(D81,'Brand List'!$B:$D,3,0),0) -> #NAME? | AB81: =H81*IFERROR(VLOOKUP(D81,'Brand List'!$B:$D,3,0),0) -> #NAME? | AC81: =AA81-AB81 -> #NAME? | AD81: =_xlfn.XLOOKUP(D81,[1]Summary!$E:$E,[1]Summary!$L:$L,0) -> 0 | AE81: =AD81*X81 -> #NAME?
A82: =D82 -> DFI16 | B82: PT Putera Jaya Sakti Perkasa | C82: SKM HT 16 | D82: DFI16 | E82: Duff Inter F16S | F82: Nico | Andry | G82: {=_xludf.XLOOKUP(D82,'KPS #48'!D:D,'KPS #48'!G:G,0)} -> #NAME? | H82: {=_xludf.XLOOKUP(D82,'KPS #48'!D:D,'KPS #48'!H:H,0)} -> #NAME? | I82: =IF(AND(H82=0,G82=0),"No Delivery",IF(COUNTA(J82,L82,N82,P82,R82,T82,V82)=1,"Delivery",IF(COUNTA(J82,L82,N82,P82,R82,T82,V82)>1,"Partial Delivery",IF(COUNTA(J82,L82,N82,P82,R82,T82,V82)=0,"Will be Updated")))) -> #NAME? | J82: {=_xludf.XLOOKUP(D82,'KPS #48'!D:D,'KPS #48'!J:J,0)} -> #NAME? | K82: =_xludf.XLOOKUP($D82,#REF!,#REF!,0) -> #NAME? | L82: {=_xludf.XLOOKUP(D82,'KPS #48'!D:D,'KPS #48'!L:L,0)} -> #NAME? | M82: =_xludf.XLOOKUP($D82,#REF!,#REF!,0) -> #NAME? | N82: {=_xludf.XLOOKUP(D82,'KPS #48'!D:D,'KPS #48'!N:N,0)} -> #NAME? | O82: =_xludf.XLOOKUP($D82,#REF!,#REF!,0) -> #NAME? | P82: {=_xludf.XLOOKUP(D82,'KPS #48'!D:D,'KPS #48'!P:P,0)} -> #NAME? | Q82: =_xludf.XLOOKUP($D82,#REF!,#REF!,0) -> #NAME? | R82: {=_xludf.XLOOKUP(D82,'KPS #48'!D:D,'KPS #48'!R:R,0)} -> #NAME? | S82: =_xludf.XLOOKUP($D82,#REF!,#REF!,0) -> #NAME? | T82: {=_xludf.XLOOKUP(D82,'KPS #48'!D:D,'KPS #48'!T:T,0)} -> #NAME? | U82: =_xludf.XLOOKUP($D82,#REF!,#REF!,0) -> #NAME? | V82: {=_xludf.XLOOKUP(D82,'KPS #48'!D:D,'KPS #48'!V:V,0)} -> #NAME? | W82: =_xludf.XLOOKUP($D82,#REF!,#REF!,0) -> #NAME? | X82: =SUM(V82,T82,R82,P82,N82,L82,J82) -> #NAME? | Y82: =SUM(W82,U82,S82,Q82,O82,M82,K82) -> #NAME? | AA82: =X82*IFERROR(VLOOKUP(D82,'Brand List'!$B:$D,3,0),0) -> #NAME? | AB82: =H82*IFERROR(VLOOKUP(D82,'Brand List'!$B:$D,3,0),0) -> #NAME? | AC82: =AA82-AB82 -> #NAME? | AD82: =_xlfn.XLOOKUP(D82,[1]Summary!$E:$E,[1]Summary!$L:$L,0) -> 0 | AE82: =AD82*X82 -> #NAME?
A83: =D83 -> VTX16 | B83: PT Putera Jaya Sakti Perkasa | C83: SKM LT 16 | D83: VTX16 | E83: Vortex Skm 16S | F83: Nico | Andry | G83: {=_xludf.XLOOKUP(D83,'KPS #48'!D:D,'KPS #48'!G:G,0)} -> #NAME? | H83: {=_xludf.XLOOKUP(D83,'KPS #48'!D:D,'KPS #48'!H:H,0)} -> #NAME? | I83: =IF(AND(H83=0,G83=0),"No Delivery",IF(COUNTA(J83,L83,N83,P83,R83,T83,V83)=1,"Delivery",IF(COUNTA(J83,L83,N83,P83,R83,T83,V83)>1,"Partial Delivery",IF(COUNTA(J83,L83,N83,P83,R83,T83,V83)=0,"Will be Updated")))) -> #NAME? | J83: {=_xludf.XLOOKUP(D83,'KPS #48'!D:D,'KPS #48'!J:J,0)} -> #NAME? | K83: =_xludf.XLOOKUP($D83,#REF!,#REF!,0) -> #NAME? | L83: {=_xludf.XLOOKUP(D83,'KPS #48'!D:D,'KPS #48'!L:L,0)} -> #NAME? | M83: =_xludf.XLOOKUP($D83,#REF!,#REF!,0) -> #NAME? | N83: {=_xludf.XLOOKUP(D83,'KPS #48'!D:D,'KPS #48'!N:N,0)} -> #NAME? | O83: =_xludf.XLOOKUP($D83,#REF!,#REF!,0) -> #NAME? | P83: {=_xludf.XLOOKUP(D83,'KPS #48'!D:D,'KPS #48'!P:P,0)} -> #NAME? | Q83: =_xludf.XLOOKUP($D83,#REF!,#REF!,0) -> #NAME? | R83: {=_xludf.XLOOKUP(D83,'KPS #48'!D:D,'KPS #48'!R:R,0)} -> #NAME? | S83: =_xludf.XLOOKUP($D83,#REF!,#REF!,0) -> #NAME? | T83: {=_xludf.XLOOKUP(D83,'KPS #48'!D:D,'KPS #48'!T:T,0)} -> #NAME? | U83: =_xludf.XLOOKUP($D83,#REF!,#REF!,0) -> #NAME? | V83: {=_xludf.XLOOKUP(D83,'KPS #48'!D:D,'KPS #48'!V:V,0)} -> #NAME? | W83: =_xludf.XLOOKUP($D83,#REF!,#REF!,0) -> #NAME? | X83: =SUM(V83,T83,R83,P83,N83,L83,J83) -> #NAME? | Y83: =SUM(W83,U83,S83,Q83,O83,M83,K83) -> #NAME? | AA83: =X83*IFERROR(VLOOKUP(D83,'Brand List'!$B:$D,3,0),0) -> #NAME? | AB83: =H83*IFERROR(VLOOKUP(D83,'Brand List'!$B:$D,3,0),0) -> #NAME? | AC83: =AA83-AB83 -> #NAME? | AD83: =_xlfn.XLOOKUP(D83,[1]Summary!$E:$E,[1]Summary!$L:$L,0) -> 0 | AE83: =AD83*X83 -> #NAME?
A84: =D84 -> TEH12 | B84: PT Putera Jaya Sakti Perkasa | C84: SKT 12 | D84: TEH12 | E84: 363 Hitam 12S | F84: Nico | Andry | G84: {=_xludf.XLOOKUP(D84,'KPS #48'!D:D,'KPS #48'!G:G,0)} -> #NAME? | H84: {=_xludf.XLOOKUP(D84,'KPS #48'!D:D,'KPS #48'!H:H,0)} -> #NAME? | I84: =IF(AND(H84=0,G84=0),"No Delivery",IF(COUNTA(J84,L84,N84,P84,R84,T84,V84)=1,"Delivery",IF(COUNTA(J84,L84,N84,P84,R84,T84,V84)>1,"Partial Delivery",IF(COUNTA(J84,L84,N84,P84,R84,T84,V84)=0,"Will be Updated")))) -> #NAME? | J84: {=_xludf.XLOOKUP(D84,'KPS #48'!D:D,'KPS #48'!J:J,0)} -> #NAME? | K84: =_xludf.XLOOKUP($D84,#REF!,#REF!,0) -> #NAME? | L84: {=_xludf.XLOOKUP(D84,'KPS #48'!D:D,'KPS #48'!L:L,0)} -> #NAME? | M84: =_xludf.XLOOKUP($D84,#REF!,#REF!,0) -> #NAME? | N84: {=_xludf.XLOOKUP(D84,'KPS #48'!D:D,'KPS #48'!N:N,0)} -> #NAME? | O84: =_xludf.XLOOKUP($D84,#REF!,#REF!,0) -> #NAME? | P84: {=_xludf.XLOOKUP(D84,'KPS #48'!D:D,'KPS #48'!P:P,0)} -> #NAME? | Q84: =_xludf.XLOOKUP($D84,#REF!,#REF!,0) -> #NAME? | R84: {=_xludf.XLOOKUP(D84,'KPS #48'!D:D,'KPS #48'!R:R,0)} -> #NAME? | S84: =_xludf.XLOOKUP($D84,#REF!,#REF!,0) -> #NAME? | T84: {=_xludf.XLOOKUP(D84,'KPS #48'!D:D,'KPS #48'!T:T,0)} -> #NAME? | U84: =_xludf.XLOOKUP($D84,#REF!,#REF!,0) -> #NAME? | V84: {=_xludf.XLOOKUP(D84,'KPS #48'!D:D,'KPS #48'!V:V,0)} -> #NAME? | W84: =_xludf.XLOOKUP($D84,#REF!,#REF!,0) -> #NAME? | X84: =SUM(V84,T84,R84,P84,N84,L84,J84) -> #NAME? | Y84: =SUM(W84,U84,S84,Q84,O84,M84,K84) -> #NAME? | AA84: =X84*IFERROR(VLOOKUP(D84,'Brand List'!$B:$D,3,0),0) -> #NAME? | AB84: =H84*IFERROR(VLOOKUP(D84,'Brand List'!$B:$D,3,0),0) -> #NAME? | AC84: =AA84-AB84 -> #NAME? | AD84: =_xlfn.XLOOKUP(D84,[1]Summary!$E:$E,[1]Summary!$L:$L,0) -> 0 | AE84: =AD84*X84 -> #NAME?
A85: =D85 -> TEK12 | B85: PT Putera Jaya Sakti Perkasa | C85: SKT 12 | D85: TEK12 | E85: 363 Kretek 12S | F85: Nico | Andry | G85: {=_xludf.XLOOKUP(D85,'KPS #48'!D:D,'KPS #48'!G:G,0)} -> #NAME? | H85: {=_xludf.XLOOKUP(D85,'KPS #48'!D:D,'KPS #48'!H:H,0)} -> #NAME? | I85: =IF(AND(H85=0,G85=0),"No Delivery",IF(COUNTA(J85,L85,N85,P85,R85,T85,V85)=1,"Delivery",IF(COUNTA(J85,L85,N85,P85,R85,T85,V85)>1,"Partial Delivery",IF(COUNTA(J85,L85,N85,P85,R85,T85,V85)=0,"Will be Updated")))) -> #NAME? | J85: {=_xludf.XLOOKUP(D85,'KPS #48'!D:D,'KPS #48'!J:J,0)} -> #NAME? | K85: =_xludf.XLOOKUP($D85,#REF!,#REF!,0) -> #NAME? | L85: {=_xludf.XLOOKUP(D85,'KPS #48'!D:D,'KPS #48'!L:L,0)} -> #NAME? | M85: =_xludf.XLOOKUP($D85,#REF!,#REF!,0) -> #NAME? | N85: {=_xludf.XLOOKUP(D85,'KPS #48'!D:D,'KPS #48'!N:N,0)} -> #NAME? | O85: =_xludf.XLOOKUP($D85,#REF!,#REF!,0) -> #NAME? | P85: {=_xludf.XLOOKUP(D85,'KPS #48'!D:D,'KPS #48'!P:P,0)} -> #NAME? | Q85: =_xludf.XLOOKUP($D85,#REF!,#REF!,0) -> #NAME? | R85: {=_xludf.XLOOKUP(D85,'KPS #48'!D:D,'KPS #48'!R:R,0)} -> #NAME? | S85: =_xludf.XLOOKUP($D85,#REF!,#REF!,0) -> #NAME? | T85: {=_xludf.XLOOKUP(D85,'KPS #48'!D:D,'KPS #48'!T:T,0)} -> #NAME? | U85: =_xludf.XLOOKUP($D85,#REF!,#REF!,0) -> #NAME? | V85: {=_xludf.XLOOKUP(D85,'KPS #48'!D:D,'KPS #48'!V:V,0)} -> #NAME? | W85: =_xludf.XLOOKUP($D85,#REF!,#REF!,0) -> #NAME? | X85: =SUM(V85,T85,R85,P85,N85,L85,J85) -> #NAME? | Y85: =SUM(W85,U85,S85,Q85,O85,M85,K85) -> #NAME? | AA85: =X85*IFERROR(VLOOKUP(D85,'Brand List'!$B:$D,3,0),0) -> #NAME? | AB85: =H85*IFERROR(VLOOKUP(D85,'Brand List'!$B:$D,3,0),0) -> #NAME? | AC85: =AA85-AB85 -> #NAME? | AD85: =_xlfn.XLOOKUP(D85,[1]Summary!$E:$E,[1]Summary!$L:$L,0) -> 0 | AE85: =AD85*X85 -> #NAME?
A86: =D86 -> TEK16 | B86: PT Putera Jaya Sakti Perkasa | C86: SKT 16 | D86: TEK16 | E86: 363 Kretek 16S | F86: Nico | Andry | G86: {=_xludf.XLOOKUP(D86,'KPS #48'!D:D,'KPS #48'!G:G,0)} -> #NAME? | H86: {=_xludf.XLOOKUP(D86,'KPS #48'!D:D,'KPS #48'!H:H,0)} -> #NAME? | I86: =IF(AND(H86=0,G86=0),"No Delivery",IF(COUNTA(J86,L86,N86,P86,R86,T86,V86)=1,"Delivery",IF(COUNTA(J86,L86,N86,P86,R86,T86,V86)>1,"Partial Delivery",IF(COUNTA(J86,L86,N86,P86,R86,T86,V86)=0,"Will be Updated")))) -> #NAME? | J86: {=_xludf.XLOOKUP(D86,'KPS #48'!D:D,'KPS #48'!J:J,0)} -> #NAME? | K86: =_xludf.XLOOKUP($D86,#REF!,#REF!,0) -> #NAME? | L86: {=_xludf.XLOOKUP(D86,'KPS #48'!D:D,'KPS #48'!L:L,0)} -> #NAME? | M86: =_xludf.XLOOKUP($D86,#REF!,#REF!,0) -> #NAME? | N86: {=_xludf.XLOOKUP(D86,'KPS #48'!D:D,'KPS #48'!N:N,0)} -> #NAME? | O86: =_xludf.XLOOKUP($D86,#REF!,#REF!,0) -> #NAME? | P86: {=_xludf.XLOOKUP(D86,'KPS #48'!D:D,'KPS #48'!P:P,0)} -> #NAME? | Q86: =_xludf.XLOOKUP($D86,#REF!,#REF!,0) -> #NAME? | R86: {=_xludf.XLOOKUP(D86,'KPS #48'!D:D,'KPS #48'!R:R,0)} -> #NAME? | S86: =_xludf.XLOOKUP($D86,#REF!,#REF!,0) -> #NAME? | T86: {=_xludf.XLOOKUP(D86,'KPS #48'!D:D,'KPS #48'!T:T,0)} -> #NAME? | U86: =_xludf.XLOOKUP($D86,#REF!,#REF!,0) -> #NAME? | V86: {=_xludf.XLOOKUP(D86,'KPS #48'!D:D,'KPS #48'!V:V,0)} -> #NAME? | W86: =_xludf.XLOOKUP($D86,#REF!,#REF!,0) -> #NAME? | X86: =SUM(V86,T86,R86,P86,N86,L86,J86) -> #NAME? | Y86: =SUM(W86,U86,S86,Q86,O86,M86,K86) -> #NAME? | AA86: =X86*IFERROR(VLOOKUP(D86,'Brand List'!$B:$D,3,0),0) -> #NAME? | AB86: =H86*IFERROR(VLOOKUP(D86,'Brand List'!$B:$D,3,0),0) -> #NAME? | AC86: =AA86-AB86 -> #NAME? | AD86: =_xlfn.XLOOKUP(D86,[1]Summary!$E:$E,[1]Summary!$L:$L,0) -> 0 | AE86: =AD86*X86 -> #NAME?
A87: =D87 -> TEM12 | B87: PT Putera Jaya Sakti Perkasa | C87: SKT 12 | D87: TEM12 | E87: 363 Merah Kretek 12S | F87: Nico | Andry | G87: {=_xludf.XLOOKUP(D87,'KPS #48'!D:D,'KPS #48'!G:G,0)} -> #NAME? | H87: {=_xludf.XLOOKUP(D87,'KPS #48'!D:D,'KPS #48'!H:H,0)} -> #NAME? | I87: =IF(AND(H87=0,G87=0),"No Delivery",IF(COUNTA(J87,L87,N87,P87,R87,T87,V87)=1,"Delivery",IF(COUNTA(J87,L87,N87,P87,R87,T87,V87)>1,"Partial Delivery",IF(COUNTA(J87,L87,N87,P87,R87,T87,V87)=0,"Will be Updated")))) -> #NAME? | J87: {=_xludf.XLOOKUP(D87,'KPS #48'!D:D,'KPS #48'!J:J,0)} -> #NAME? | K87: =_xludf.XLOOKUP($D87,#REF!,#REF!,0) -> #NAME? | L87: {=_xludf.XLOOKUP(D87,'KPS #48'!D:D,'KPS #48'!L:L,0)} -> #NAME? | M87: =_xludf.XLOOKUP($D87,#REF!,#REF!,0) -> #NAME? | N87: {=_xludf.XLOOKUP(D87,'KPS #48'!D:D,'KPS #48'!N:N,0)} -> #NAME? | O87: =_xludf.XLOOKUP($D87,#REF!,#REF!,0) -> #NAME? | P87: {=_xludf.XLOOKUP(D87,'KPS #48'!D:D,'KPS #48'!P:P,0)} -> #NAME? | Q87: =_xludf.XLOOKUP($D87,#REF!,#REF!,0) -> #NAME? | R87: {=_xludf.XLOOKUP(D87,'KPS #48'!D:D,'KPS #48'!R:R,0)} -> #NAME? | S87: =_xludf.XLOOKUP($D87,#REF!,#REF!,0) -> #NAME? | T87: {=_xludf.XLOOKUP(D87,'KPS #48'!D:D,'KPS #48'!T:T,0)} -> #NAME? | U87: =_xludf.XLOOKUP($D87,#REF!,#REF!,0) -> #NAME? | V87: {=_xludf.XLOOKUP(D87,'KPS #48'!D:D,'KPS #48'!V:V,0)} -> #NAME? | W87: =_xludf.XLOOKUP($D87,#REF!,#REF!,0) -> #NAME? | X87: =SUM(V87,T87,R87,P87,N87,L87,J87) -> #NAME? | Y87: =SUM(W87,U87,S87,Q87,O87,M87,K87) -> #NAME? | AA87: =X87*IFERROR(VLOOKUP(D87,'Brand List'!$B:$D,3,0),0) -> #NAME? | AB87: =H87*IFERROR(VLOOKUP(D87,'Brand List'!$B:$D,3,0),0) -> #NAME? | AC87: =AA87-AB87 -> #NAME? | AD87: =_xlfn.XLOOKUP(D87,[1]Summary!$E:$E,[1]Summary!$L:$L,0) -> 0 | AE87: =AD87*X87 -> #NAME?
A88: =D88 -> KIT12 | B88: PT Putera Jaya Sakti Perkasa | C88: SKT 12 | D88: KIT12 | E88: Kito Kretek 12S | F88: Nico | Andry | G88: {=_xludf.XLOOKUP(D88,'KPS #48'!D:D,'KPS #48'!G:G,0)} -> #NAME? | H88: {=_xludf.XLOOKUP(D88,'KPS #48'!D:D,'KPS #48'!H:H,0)} -> #NAME? | I88: =IF(AND(H88=0,G88=0),"No Delivery",IF(COUNTA(J88,L88,N88,P88,R88,T88,V88)=1,"Delivery",IF(COUNTA(J88,L88,N88,P88,R88,T88,V88)>1,"Partial Delivery",IF(COUNTA(J88,L88,N88,P88,R88,T88,V88)=0,"Will be Updated")))) -> #NAME? | J88: {=_xludf.XLOOKUP(D88,'KPS #48'!D:D,'KPS #48'!J:J,0)} -> #NAME? | K88: =_xludf.XLOOKUP($D88,#REF!,#REF!,0) -> #NAME? | L88: {=_xludf.XLOOKUP(D88,'KPS #48'!D:D,'KPS #48'!L:L,0)} -> #NAME? | M88: =_xludf.XLOOKUP($D88,#REF!,#REF!,0) -> #NAME? | N88: {=_xludf.XLOOKUP(D88,'KPS #48'!D:D,'KPS #48'!N:N,0)} -> #NAME? | O88: =_xludf.XLOOKUP($D88,#REF!,#REF!,0) -> #NAME? | P88: {=_xludf.XLOOKUP(D88,'KPS #48'!D:D,'KPS #48'!P:P,0)} -> #NAME? | Q88: =_xludf.XLOOKUP($D88,#REF!,#REF!,0) -> #NAME? | R88: {=_xludf.XLOOKUP(D88,'KPS #48'!D:D,'KPS #48'!R:R,0)} -> #NAME? | S88: =_xludf.XLOOKUP($D88,#REF!,#REF!,0) -> #NAME? | T88: {=_xludf.XLOOKUP(D88,'KPS #48'!D:D,'KPS #48'!T:T,0)} -> #NAME? | U88: =_xludf.XLOOKUP($D88,#REF!,#REF!,0) -> #NAME? | V88: {=_xludf.XLOOKUP(D88,'KPS #48'!D:D,'KPS #48'!V:V,0)} -> #NAME? | W88: =_xludf.XLOOKUP($D88,#REF!,#REF!,0) -> #NAME? | X88: =SUM(V88,T88,R88,P88,N88,L88,J88) -> #NAME? | Y88: =SUM(W88,U88,S88,Q88,O88,M88,K88) -> #NAME? | AA88: =X88*IFERROR(VLOOKUP(D88,'Brand List'!$B:$D,3,0),0) -> #NAME? | AB88: =H88*IFERROR(VLOOKUP(D88,'Brand List'!$B:$D,3,0),0) -> #NAME? | AC88: =AA88-AB88 -> #NAME? | AD88: =_xlfn.XLOOKUP(D88,[1]Summary!$E:$E,[1]Summary!$L:$L,0) -> 0 | AE88: =AD88*X88 -> #NAME?
A89: =D89 -> KIT16 | B89: PT Putera Jaya Sakti Perkasa | C89: SKT 16 | D89: KIT16 | E89: Kito Kretek 16S | F89: Nico | Andry | G89: {=_xludf.XLOOKUP(D89,'KPS #48'!D:D,'KPS #48'!G:G,0)} -> #NAME? | H89: {=_xludf.XLOOKUP(D89,'KPS #48'!D:D,'KPS #48'!H:H,0)} -> #NAME? | I89: =IF(AND(H89=0,G89=0),"No Delivery",IF(COUNTA(J89,L89,N89,P89,R89,T89,V89)=1,"Delivery",IF(COUNTA(J89,L89,N89,P89,R89,T89,V89)>1,"Partial Delivery",IF(COUNTA(J89,L89,N89,P89,R89,T89,V89)=0,"Will be Updated")))) -> #NAME? | J89: {=_xludf.XLOOKUP(D89,'KPS #48'!D:D,'KPS #48'!J:J,0)} -> #NAME? | K89: =_xludf.XLOOKUP($D89,#REF!,#REF!,0) -> #NAME? | L89: {=_xludf.XLOOKUP(D89,'KPS #48'!D:D,'KPS #48'!L:L,0)} -> #NAME? | M89: =_xludf.XLOOKUP($D89,#REF!,#REF!,0) -> #NAME? | N89: {=_xludf.XLOOKUP(D89,'KPS #48'!D:D,'KPS #48'!N:N,0)} -> #NAME? | O89: =_xludf.XLOOKUP($D89,#REF!,#REF!,0) -> #NAME? | P89: {=_xludf.XLOOKUP(D89,'KPS #48'!D:D,'KPS #48'!P:P,0)} -> #NAME? | Q89: =_xludf.XLOOKUP($D89,#REF!,#REF!,0) -> #NAME? | R89: {=_xludf.XLOOKUP(D89,'KPS #48'!D:D,'KPS #48'!R:R,0)} -> #NAME? | S89: =_xludf.XLOOKUP($D89,#REF!,#REF!,0) -> #NAME? | T89: {=_xludf.XLOOKUP(D89,'KPS #48'!D:D,'KPS #48'!T:T,0)} -> #NAME? | U89: =_xludf.XLOOKUP($D89,#REF!,#REF!,0) -> #NAME? | V89: {=_xludf.XLOOKUP(D89,'KPS #48'!D:D,'KPS #48'!V:V,0)} -> #NAME? | W89: =_xludf.XLOOKUP($D89,#REF!,#REF!,0) -> #NAME? | X89: =SUM(V89,T89,R89,P89,N89,L89,J89) -> #NAME? | Y89: =SUM(W89,U89,S89,Q89,O89,M89,K89) -> #NAME? | AA89: =X89*IFERROR(VLOOKUP(D89,'Brand List'!$B:$D,3,0),0) -> #NAME? | AB89: =H89*IFERROR(VLOOKUP(D89,'Brand List'!$B:$D,3,0),0) -> #NAME? | AC89: =AA89-AB89 -> #NAME? | AD89: =_xlfn.XLOOKUP(D89,[1]Summary!$E:$E,[1]Summary!$L:$L,0) -> 0 | AE89: =AD89*X89 -> #NAME?
A90: =D90 -> SOA12 | B90: PT Putera Jaya Sakti Perkasa | C90: SKT 12 | D90: SOA12 | E90: Soang Kretek 12S | F90: Nico | Andry | G90: {=_xludf.XLOOKUP(D90,'KPS #48'!D:D,'KPS #48'!G:G,0)} -> #NAME? | H90: {=_xludf.XLOOKUP(D90,'KPS #48'!D:D,'KPS #48'!H:H,0)} -> #NAME? | I90: =IF(AND(H90=0,G90=0),"No Delivery",IF(COUNTA(J90,L90,N90,P90,R90,T90,V90)=1,"Delivery",IF(COUNTA(J90,L90,N90,P90,R90,T90,V90)>1,"Partial Delivery",IF(COUNTA(J90,L90,N90,P90,R90,T90,V90)=0,"Will be Updated")))) -> #NAME? | J90: {=_xludf.XLOOKUP(D90,'KPS #48'!D:D,'KPS #48'!J:J,0)} -> #NAME? | K90: =_xludf.XLOOKUP($D90,#REF!,#REF!,0) -> #NAME? | L90: {=_xludf.XLOOKUP(D90,'KPS #48'!D:D,'KPS #48'!L:L,0)} -> #NAME? | M90: =_xludf.XLOOKUP($D90,#REF!,#REF!,0) -> #NAME? | N90: {=_xludf.XLOOKUP(D90,'KPS #48'!D:D,'KPS #48'!N:N,0)} -> #NAME? | O90: =_xludf.XLOOKUP($D90,#REF!,#REF!,0) -> #NAME? | P90: {=_xludf.XLOOKUP(D90,'KPS #48'!D:D,'KPS #48'!P:P,0)} -> #NAME? | Q90: =_xludf.XLOOKUP($D90,#REF!,#REF!,0) -> #NAME? | R90: {=_xludf.XLOOKUP(D90,'KPS #48'!D:D,'KPS #48'!R:R,0)} -> #NAME? | S90: =_xludf.XLOOKUP($D90,#REF!,#REF!,0) -> #NAME? | T90: {=_xludf.XLOOKUP(D90,'KPS #48'!D:D,'KPS #48'!T:T,0)} -> #NAME? | U90: =_xludf.XLOOKUP($D90,#REF!,#REF!,0) -> #NAME? | V90: {=_xludf.XLOOKUP(D90,'KPS #48'!D:D,'KPS #48'!V:V,0)} -> #NAME? | W90: =_xludf.XLOOKUP($D90,#REF!,#REF!,0) -> #NAME? | X90: =SUM(V90,T90,R90,P90,N90,L90,J90) -> #NAME? | Y90: =SUM(W90,U90,S90,Q90,O90,M90,K90) -> #NAME? | AA90: =X90*IFERROR(VLOOKUP(D90,'Brand List'!$B:$D,3,0),0) -> #NAME? | AB90: =H90*IFERROR(VLOOKUP(D90,'Brand List'!$B:$D,3,0),0) -> #NAME? | AC90: =AA90-AB90 -> #NAME? | AD90: =_xlfn.XLOOKUP(D90,[1]Summary!$E:$E,[1]Summary!$L:$L,0) -> 0 | AE90: =AD90*X90 -> #NAME?
A91: =D91 -> DFH12 | B91: PT Putera Jaya Sakti Perkasa | C91: SKT 12 | D91: DFH12 | E91: Duff Hitam 12S | F91: Nico | Andry | G91: {=_xludf.XLOOKUP(D91,'KPS #48'!D:D,'KPS #48'!G:G,0)} -> #NAME? | H91: {=_xludf.XLOOKUP(D91,'KPS #48'!D:D,'KPS #48'!H:H,0)} -> #NAME? | I91: =IF(AND(H91=0,G91=0),"No Delivery",IF(COUNTA(J91,L91,N91,P91,R91,T91,V91)=1,"Delivery",IF(COUNTA(J91,L91,N91,P91,R91,T91,V91)>1,"Partial Delivery",IF(COUNTA(J91,L91,N91,P91,R91,T91,V91)=0,"Will be Updated")))) -> #NAME? | J91: {=_xludf.XLOOKUP(D91,'KPS #48'!D:D,'KPS #48'!J:J,0)} -> #NAME? | K91: =_xludf.XLOOKUP($D91,#REF!,#REF!,0) -> #NAME? | L91: {=_xludf.XLOOKUP(D91,'KPS #48'!D:D,'KPS #48'!L:L,0)} -> #NAME? | M91: =_xludf.XLOOKUP($D91,#REF!,#REF!,0) -> #NAME? | N91: {=_xludf.XLOOKUP(D91,'KPS #48'!D:D,'KPS #48'!N:N,0)} -> #NAME? | O91: =_xludf.XLOOKUP($D91,#REF!,#REF!,0) -> #NAME? | P91: {=_xludf.XLOOKUP(D91,'KPS #48'!D:D,'KPS #48'!P:P,0)} -> #NAME? | Q91: =_xludf.XLOOKUP($D91,#REF!,#REF!,0) -> #NAME? | R91: {=_xludf.XLOOKUP(D91,'KPS #48'!D:D,'KPS #48'!R:R,0)} -> #NAME? | S91: =_xludf.XLOOKUP($D91,#REF!,#REF!,0) -> #NAME? | T91: {=_xludf.XLOOKUP(D91,'KPS #48'!D:D,'KPS #48'!T:T,0)} -> #NAME? | U91: =_xludf.XLOOKUP($D91,#REF!,#REF!,0) -> #NAME? | V91: {=_xludf.XLOOKUP(D91,'KPS #48'!D:D,'KPS #48'!V:V,0)} -> #NAME? | W91: =_xludf.XLOOKUP($D91,#REF!,#REF!,0) -> #NAME? | X91: =SUM(V91,T91,R91,P91,N91,L91,J91) -> #NAME? | Y91: =SUM(W91,U91,S91,Q91,O91,M91,K91) -> #NAME? | AA91: =X91*IFERROR(VLOOKUP(D91,'Brand List'!$B:$D,3,0),0) -> #NAME? | AB91: =H91*IFERROR(VLOOKUP(D91,'Brand List'!$B:$D,3,0),0) -> #NAME? | AC91: =AA91-AB91 -> #NAME? | AD91: =_xlfn.XLOOKUP(D91,[1]Summary!$E:$E,[1]Summary!$L:$L,0) -> 0 | AE91: =AD91*X91 -> #NAME?
A92: =D92 -> APB12 | B92: PT Rajawali Sumber Rejeki | C92: SKM HT 12 | D92: APB12 | E92: Aspro Bold Filter 12S | F92: Jose | Andry | G92: {=_xludf.XLOOKUP(D92,'KPS #48'!D:D,'KPS #48'!G:G,0)} -> #NAME? | H92: {=_xludf.XLOOKUP(D92,'KPS #48'!D:D,'KPS #48'!H:H,0)} -> #NAME? | I92: =IF(AND(H92=0,G92=0),"No Delivery",IF(COUNTA(J92,L92,N92,P92,R92,T92,V92)=1,"Delivery",IF(COUNTA(J92,L92,N92,P92,R92,T92,V92)>1,"Partial Delivery",IF(COUNTA(J92,L92,N92,P92,R92,T92,V92)=0,"Will be Updated")))) -> #NAME? | J92: {=_xludf.XLOOKUP(D92,'KPS #48'!D:D,'KPS #48'!J:J,0)} -> #NAME? | K92: =_xludf.XLOOKUP($D92,#REF!,#REF!,0) -> #NAME? | L92: {=_xludf.XLOOKUP(D92,'KPS #48'!D:D,'KPS #48'!L:L,0)} -> #NAME? | M92: =_xludf.XLOOKUP($D92,#REF!,#REF!,0) -> #NAME? | N92: {=_xludf.XLOOKUP(D92,'KPS #48'!D:D,'KPS #48'!N:N,0)} -> #NAME? | O92: =_xludf.XLOOKUP($D92,#REF!,#REF!,0) -> #NAME? | P92: {=_xludf.XLOOKUP(D92,'KPS #48'!D:D,'KPS #48'!P:P,0)} -> #NAME? | Q92: =_xludf.XLOOKUP($D92,#REF!,#REF!,0) -> #NAME? | R92: {=_xludf.XLOOKUP(D92,'KPS #48'!D:D,'KPS #48'!R:R,0)} -> #NAME? | S92: =_xludf.XLOOKUP($D92,#REF!,#REF!,0) -> #NAME? | T92: {=_xludf.XLOOKUP(D92,'KPS #48'!D:D,'KPS #48'!T:T,0)} -> #NAME? | U92: =_xludf.XLOOKUP($D92,#REF!,#REF!,0) -> #NAME? | V92: {=_xludf.XLOOKUP(D92,'KPS #48'!D:D,'KPS #48'!V:V,0)} -> #NAME? | W92: =_xludf.XLOOKUP($D92,#REF!,#REF!,0) -> #NAME? | X92: =SUM(V92,T92,R92,P92,N92,L92,J92) -> #NAME? | Y92: =SUM(W92,U92,S92,Q92,O92,M92,K92) -> #NAME? | AA92: =X92*IFERROR(VLOOKUP(D92,'Brand List'!$B:$D,3,0),0) -> #NAME? | AB92: =H92*IFERROR(VLOOKUP(D92,'Brand List'!$B:$D,3,0),0) -> #NAME? | AC92: =AA92-AB92 -> #NAME? | AD92: =_xlfn.XLOOKUP(D92,[1]Summary!$E:$E,[1]Summary!$L:$L,0) -> 0 | AE92: =AD92*X92 -> #NAME?
... A96: =D96 -> API16 | B96: PT Rajawali Sumber Rejeki | C96: SKM HT 16 | D96: API16 | E96: Aspro Inter 16S | F96: Jose | Andry | G96: {=_xludf.XLOOKUP(D96,'KPS #48'!D:D,'KPS #48'!G:G,0)} -> #NAME? | H96: {=_xludf.XLOOKUP(D96,'KPS #48'!D:D,'KPS #48'!H:H,0)} -> #NAME? | I96: =IF(AND(H96=0,G96=0),"No Delivery",IF(COUNTA(J96,L96,N96,P96,R96,T96,V96)=1,"Delivery",IF(COUNTA(J96,L96,N96,P96,R96,T96,V96)>1,"Partial Delivery",IF(COUNTA(J96,L96,N96,P96,R96,T96,V96)=0,"Will be Updated")))) -> #NAME? | J96: {=_xludf.XLOOKUP(D96,'KPS #48'!D:D,'KPS #48'!J:J,0)} -> #NAME? | K96: =_xludf.XLOOKUP($D96,#REF!,#REF!,0) -> #NAME? | L96: {=_xludf.XLOOKUP(D96,'KPS #48'!D:D,'KPS #48'!L:L,0)} -> #NAME? | M96: =_xludf.XLOOKUP($D96,#REF!,#REF!,0) -> #NAME? | N96: {=_xludf.XLOOKUP(D96,'KPS #48'!D:D,'KPS #48'!N:N,0)} -> #NAME? | O96: =_xludf.XLOOKUP($D96,#REF!,#REF!,0) -> #NAME? | P96: {=_xludf.XLOOKUP(D96,'KPS #48'!D:D,'KPS #48'!P:P,0)} -> #NAME? | Q96: =_xludf.XLOOKUP($D96,#REF!,#REF!,0) -> #NAME? | R96: {=_xludf.XLOOKUP(D96,'KPS #48'!D:D,'KPS #48'!R:R,0)} -> #NAME? | S96: =_xludf.XLOOKUP($D96,#REF!,#REF!,0) -> #NAME? | T96: {=_xludf.XLOOKUP(D96,'KPS #48'!D:D,'KPS #48'!T:T,0)} -> #NAME? | U96: =_xludf.XLOOKUP($D96,#REF!,#REF!,0) -> #NAME? | V96: {=_xludf.XLOOKUP(D96,'KPS #48'!D:D,'KPS #48'!V:V,0)} -> #NAME? | W96: =_xludf.XLOOKUP($D96,#REF!,#REF!,0) -> #NAME? | X96: =SUM(V96,T96,R96,P96,N96,L96,J96) -> #NAME? | Y96: =SUM(W96,U96,S96,Q96,O96,M96,K96) -> #NAME? | AA96: =X96*IFERROR(VLOOKUP(D96,'Brand List'!$B:$D,3,0),0) -> #NAME? | AB96: =H96*IFERROR(VLOOKUP(D96,'Brand List'!$B:$D,3,0),0) -> #NAME? | AC96: =AA96-AB96 -> #NAME? | AD96: =_xlfn.XLOOKUP(D96,[1]Summary!$E:$E,[1]Summary!$L:$L,0) -> 0 | AE96: =AD96*X96 -> #NAME?
A97: =D97 -> DFR20 | B97: PT Sinar Surya Tembakau | C97: SKM HT 20 | D97: DFR20 | E97: Duff Red Skm Ht 20 | F97: Nico | Andry | G97: {=_xludf.XLOOKUP(D97,'KPS #48'!D:D,'KPS #48'!G:G,0)} -> #NAME? | H97: {=_xludf.XLOOKUP(D97,'KPS #48'!D:D,'KPS #48'!H:H,0)} -> #NAME? | I97: =IF(AND(H97=0,G97=0),"No Delivery",IF(COUNTA(J97,L97,N97,P97,R97,T97,V97)=1,"Delivery",IF(COUNTA(J97,L97,N97,P97,R97,T97,V97)>1,"Partial Delivery",IF(COUNTA(J97,L97,N97,P97,R97,T97,V97)=0,"Will be Updated")))) -> #NAME? | J97: {=_xludf.XLOOKUP(D97,'KPS #48'!D:D,'KPS #48'!J:J,0)} -> #NAME? | K97: =_xludf.XLOOKUP($D97,#REF!,#REF!,0) -> #NAME? | L97: {=_xludf.XLOOKUP(D97,'KPS #48'!D:D,'KPS #48'!L:L,0)} -> #NAME? | M97: =_xludf.XLOOKUP($D97,#REF!,#REF!,0) -> #NAME? | N97: {=_xludf.XLOOKUP(D97,'KPS #48'!D:D,'KPS #48'!N:N,0)} -> #NAME? | O97: =_xludf.XLOOKUP($D97,#REF!,#REF!,0) -> #NAME? | P97: {=_xludf.XLOOKUP(D97,'KPS #48'!D:D,'KPS #48'!P:P,0)} -> #NAME? | Q97: =_xludf.XLOOKUP($D97,#REF!,#REF!,0) -> #NAME? | R97: {=_xludf.XLOOKUP(D97,'KPS #48'!D:D,'KPS #48'!R:R,0)} -> #NAME? | S97: =_xludf.XLOOKUP($D97,#REF!,#REF!,0) -> #NAME? | T97: {=_xludf.XLOOKUP(D97,'KPS #48'!D:D,'KPS #48'!T:T,0)} -> #NAME? | U97: =_xludf.XLOOKUP($D97,#REF!,#REF!,0) -> #NAME? | V97: {=_xludf.XLOOKUP(D97,'KPS #48'!D:D,'KPS #48'!V:V,0)} -> #NAME? | W97: =_xludf.XLOOKUP($D97,#REF!,#REF!,0) -> #NAME? | X97: =SUM(V97,T97,R97,P97,N97,L97,J97) -> #NAME? | Y97: =SUM(W97,U97,S97,Q97,O97,M97,K97) -> #NAME? | Z97: GR Shift 3 | AA97: =X97*IFERROR(VLOOKUP(D97,'Brand List'!$B:$D,3,0),0) -> #NAME? | AB97: =H97*IFERROR(VLOOKUP(D97,'Brand List'!$B:$D,3,0),0) -> #NAME? | AC97: =AA97-AB97 -> #NAME? | AD97: =_xlfn.XLOOKUP(D97,[1]Summary!$E:$E,[1]Summary!$L:$L,0) -> 0 | AE97: =AD97*X97 -> #NAME?
A98: =D98 -> GLP16 | B98: PT Sinar Surya Tembakau | C98: SKM HT 16 | D98: GLP16 | E98: Glizz Purple Skm Lt 16S | F98: Nico | Andry | G98: {=_xludf.XLOOKUP(D98,'KPS #48'!D:D,'KPS #48'!G:G,0)} -> #NAME? | H98: {=_xludf.XLOOKUP(D98,'KPS #48'!D:D,'KPS #48'!H:H,0)} -> #NAME? | I98: =IF(AND(H98=0,G98=0),"No Delivery",IF(COUNTA(J98,L98,N98,P98,R98,T98,V98)=1,"Delivery",IF(COUNTA(J98,L98,N98,P98,R98,T98,V98)>1,"Partial Delivery",IF(COUNTA(J98,L98,N98,P98,R98,T98,V98)=0,"Will be Updated")))) -> #NAME? | J98: {=_xludf.XLOOKUP(D98,'KPS #48'!D:D,'KPS #48'!J:J,0)} -> #NAME? | K98: =_xludf.XLOOKUP($D98,#REF!,#REF!,0) -> #NAME? | L98: {=_xludf.XLOOKUP(D98,'KPS #48'!D:D,'KPS #48'!L:L,0)} -> #NAME? | M98: =_xludf.XLOOKUP($D98,#REF!,#REF!,0) -> #NAME? | N98: {=_xludf.XLOOKUP(D98,'KPS #48'!D:D,'KPS #48'!N:N,0)} -> #NAME? | O98: =_xludf.XLOOKUP($D98,#REF!,#REF!,0) -> #NAME? | P98: {=_xludf.XLOOKUP(D98,'KPS #48'!D:D,'KPS #48'!P:P,0)} -> #NAME? | Q98: =_xludf.XLOOKUP($D98,#REF!,#REF!,0) -> #NAME? | R98: {=_xludf.XLOOKUP(D98,'KPS #48'!D:D,'KPS #48'!R:R,0)} -> #NAME? | S98: =_xludf.XLOOKUP($D98,#REF!,#REF!,0) -> #NAME? | T98: {=_xludf.XLOOKUP(D98,'KPS #48'!D:D,'KPS #48'!T:T,0)} -> #NAME? | U98: =_xludf.XLOOKUP($D98,#REF!,#REF!,0) -> #NAME? | V98: {=_xludf.XLOOKUP(D98,'KPS #48'!D:D,'KPS #48'!V:V,0)} -> #NAME? | W98: =_xludf.XLOOKUP($D98,#REF!,#REF!,0) -> #NAME? | X98: =SUM(V98,T98,R98,P98,N98,L98,J98) -> #NAME? | Y98: =SUM(W98,U98,S98,Q98,O98,M98,K98) -> #NAME? | AA98: =X98*IFERROR(VLOOKUP(D98,'Brand List'!$B:$D,3,0),0) -> #NAME? | AB98: =H98*IFERROR(VLOOKUP(D98,'Brand List'!$B:$D,3,0),0) -> #NAME? | AC98: =AA98-AB98 -> #NAME? | AD98: =_xlfn.XLOOKUP(D98,[1]Summary!$E:$E,[1]Summary!$L:$L,0) -> 0 | AE98: =AD98*X98 -> #NAME?
A99: =D99 -> GLY16 | B99: PT Sinar Surya Tembakau | C99: SKM HT 16 | D99: GLY16 | E99: Glizz Yellow Skm Lt 16S | F99: Nico | Andry | G99: {=_xludf.XLOOKUP(D99,'KPS #48'!D:D,'KPS #48'!G:G,0)} -> #NAME? | H99: {=_xludf.XLOOKUP(D99,'KPS #48'!D:D,'KPS #48'!H:H,0)} -> #NAME? | I99: =IF(AND(H99=0,G99=0),"No Delivery",IF(COUNTA(J99,L99,N99,P99,R99,T99,V99)=1,"Delivery",IF(COUNTA(J99,L99,N99,P99,R99,T99,V99)>1,"Partial Delivery",IF(COUNTA(J99,L99,N99,P99,R99,T99,V99)=0,"Will be Updated")))) -> #NAME? | J99: {=_xludf.XLOOKUP(D99,'KPS #48'!D:D,'KPS #48'!J:J,0)} -> #NAME? | K99: =_xludf.XLOOKUP($D99,#REF!,#REF!,0) -> #NAME? | L99: {=_xludf.XLOOKUP(D99,'KPS #48'!D:D,'KPS #48'!L:L,0)} -> #NAME? | M99: =_xludf.XLOOKUP($D99,#REF!,#REF!,0) -> #NAME? | N99: {=_xludf.XLOOKUP(D99,'KPS #48'!D:D,'KPS #48'!N:N,0)} -> #NAME? | O99: =_xludf.XLOOKUP($D99,#REF!,#REF!,0) -> #NAME? | P99: {=_xludf.XLOOKUP(D99,'KPS #48'!D:D,'KPS #48'!P:P,0)} -> #NAME? | Q99: =_xludf.XLOOKUP($D99,#REF!,#REF!,0) -> #NAME? | R99: {=_xludf.XLOOKUP(D99,'KPS #48'!D:D,'KPS #48'!R:R,0)} -> #NAME? | S99: =_xludf.XLOOKUP($D99,#REF!,#REF!,0) -> #NAME? | T99: {=_xludf.XLOOKUP(D99,'KPS #48'!D:D,'KPS #48'!T:T,0)} -> #NAME? | U99: =_xludf.XLOOKUP($D99,#REF!,#REF!,0) -> #NAME? | V99: {=_xludf.XLOOKUP(D99,'KPS #48'!D:D,'KPS #48'!V:V,0)} -> #NAME? | W99: =_xludf.XLOOKUP($D99,#REF!,#REF!,0) -> #NAME? | X99: =SUM(V99,T99,R99,P99,N99,L99,J99) -> #NAME? | Y99: =SUM(W99,U99,S99,Q99,O99,M99,K99) -> #NAME? | AA99: =X99*IFERROR(VLOOKUP(D99,'Brand List'!$B:$D,3,0),0) -> #NAME? | AB99: =H99*IFERROR(VLOOKUP(D99,'Brand List'!$B:$D,3,0),0) -> #NAME? | AC99: =AA99-AB99 -> #NAME? | AD99: =_xlfn.XLOOKUP(D99,[1]Summary!$E:$E,[1]Summary!$L:$L,0) -> 0 | AE99: =AD99*X99 -> #NAME?
G100: =SUM(G6:G99) -> #NAME? | H100: =SUM(H6:H99) -> #NAME? | J100: =SUM(J6:J99) -> #NAME? | K100: =SUM(K6:K99) -> #NAME? | L100: =SUM(L6:L99) -> #NAME? | M100: =SUM(M6:M99) -> #NAME? | N100: =SUM(N6:N99) -> #NAME? | O100: =SUM(O6:O99) -> #NAME? | P100: =SUM(P6:P99) -> #NAME? | Q100: =SUM(Q6:Q99) -> #NAME? | ... Y100: =SUM(Y6:Y99) -> #NAME? | AA100: =SUM(AA6:AA99) -> #NAME? | AB100: =SUM(AB6:AB99) -> #NAME? | AC100: =SUM(AC6:AC99) -> #NAME? | AD100: =_xlfn.XLOOKUP(D100,[1]Summary!$E:$E,[1]Summary!$L:$L,0) -> 0 | AE100: =SUM(AE6:AE99) -> #NAME?

Sheet KPS #48
B1: 1 | C1: =B1+1 -> 2 | D1: =C1+1 -> 3 | E1: =D1+1 -> 4 | F1: =E1+1 -> 5 | I1: =#REF!+1 -> #REF! | J1: =I1+1 -> #REF! | L1: =J1+1 -> #REF! | M1: =L1+1 -> #REF! | N1: =M1+1 -> #REF! | O1: =N1+1 -> #REF! | P1: =O1+1 -> #REF! | Q1: =P1+1 -> #REF! | R1: =#REF!+1 -> #REF!
C2: 48
B3: 44753 | C3: =TODAY() -> 46168 | G3: =SUM(G6:G99) -> 0 | H3: =SUM(H6:H99) -> 21945 | J3: ="Arrival "&C2&" (in Box)" -> Arrival 48 (in Box)
A4: FA Code | B4: Partner | C4: Segment | D4: Code | E4: Brand | F4: AE / Manager | G4: Status Delivery to DC | I4: Partial/No | J4: Senin | K4: Armada Delivery Partner | L4: Selasa | M4: Armada Delivery Partner | N4: Rabu | O4: Armada Delivery Partner | P4: Kamis | Q4: Armada Delivery Partner | R4: Jumat | S4: Armada Delivery Partner | T4: Sabtu | U4: Armada Delivery Partner | V4: Minggu | W4: Armada Delivery Partner | X4: Total | Y4: ARRIVAL VS PO | Z4: Remarks
G5: Outstand | H5: PO | J5: 45985 | L5: =J5+1 -> 45986 | N5: =L5+1 -> 45987 | P5: =N5+1 -> 45988 | R5: =P5+1 -> 45989 | T5: =R5+1 -> 45990 | V5: =T5+1 -> 45991 | AA5: Arrival In stick | AB5: po in stick | AC5: var
A6: =D6 -> PSP12 | B6: CV Gunung Batu Penjuru | C6: SKT 12 | D6: PSP12 | E6: Pasopati Skt 12S | F6: Jose | Andry | H6: 650 | I6: =IF(AND(H6=0,G6=0),"No Delivery",IF(COUNTA(J6,L6,N6,P6,R6,T6,V6)=1,"Delivery",IF(COUNTA(J6,L6,N6,P6,R6,T6,V6)>1,"Partial Delivery",IF(COUNTA(J6,L6,N6,P6,R6,T6,V6)=0,"Will be Updated")))) -> Partial Delivery | J6: 300 | K6: 1 | T6: 350 | U6: 1 | X6: =SUM(J6+L6+N6+P6+R6+T6+V6) -> 650 | Y6: =X6-H6 -> 0 | AA6: =X6*IFERROR(VLOOKUP(D6,'Brand List'!$B:$D,3,0),0) -> 6240000 | AB6: =H6*IFERROR(VLOOKUP(D6,'Brand List'!$B:$D,3,0),0) -> 6240000 | AC6: =AA6-AB6 -> 0
A7: =D7 -> BGS12 | B7: PT Anak Sakti | C7: SKT 12 | D7: BGS12 | E7: Bagas Skt 12S | F7: Vincent | Johan | H7: 200 | I7: =IF(AND(H7=0,G7=0),"No Delivery",IF(COUNTA(J7,L7,N7,P7,R7,T7,V7)=1,"Delivery",IF(COUNTA(J7,L7,N7,P7,R7,T7,V7)>1,"Partial Delivery",IF(COUNTA(J7,L7,N7,P7,R7,T7,V7)=0,"Will be Updated")))) -> Delivery | L7: 200 | M7: 1 | X7: =SUM(J7+L7+N7+P7+R7+T7+V7) -> 200 | Y7: =X7-H7 -> 0 | AA7: =X7*IFERROR(VLOOKUP(D7,'Brand List'!$B:$D,3,0),0) -> 1920000 | AB7: =H7*IFERROR(VLOOKUP(D7,'Brand List'!$B:$D,3,0),0) -> 1920000 | AC7: =AA7-AB7 -> 0
A8: =D8 -> BSH12 | B8: PT Anak Sakti | C8: SKT 12 | D8: BSH12 | E8: Bagas Versi Sugih Skt 12S | F8: Vincent | Johan | H8: 40 | I8: =IF(AND(H8=0,G8=0),"No Delivery",IF(COUNTA(J8,L8,N8,P8,R8,T8,V8)=1,"Delivery",IF(COUNTA(J8,L8,N8,P8,R8,T8,V8)>1,"Partial Delivery",IF(COUNTA(J8,L8,N8,P8,R8,T8,V8)=0,"Will be Updated")))) -> Delivery | L8: 40 | X8: =SUM(J8+L8+N8+P8+R8+T8+V8) -> 40 | Y8: =X8-H8 -> 0 | AA8: =X8*IFERROR(VLOOKUP(D8,'Brand List'!$B:$D,3,0),0) -> 384000 | AB8: =H8*IFERROR(VLOOKUP(D8,'Brand List'!$B:$D,3,0),0) -> 384000 | AC8: =AA8-AB8 -> 0
A9: =D9 -> PRU12 | B9: PT Anak Sakti | C9: SKT 12 | D9: PRU12 | E9: Prabu Skt 12S | F9: Vincent | Johan | H9: 25 | I9: =IF(AND(H9=0,G9=0),"No Delivery",IF(COUNTA(J9,L9,N9,P9,R9,T9,V9)=1,"Delivery",IF(COUNTA(J9,L9,N9,P9,R9,T9,V9)>1,"Partial Delivery",IF(COUNTA(J9,L9,N9,P9,R9,T9,V9)=0,"Will be Updated")))) -> Delivery | L9: 25 | X9: =SUM(J9+L9+N9+P9+R9+T9+V9) -> 25 | Y9: =X9-H9 -> 0 | AA9: =X9*IFERROR(VLOOKUP(D9,'Brand List'!$B:$D,3,0),0) -> 240000 | AB9: =H9*IFERROR(VLOOKUP(D9,'Brand List'!$B:$D,3,0),0) -> 240000 | AC9: =AA9-AB9 -> 0
A10: =D10 -> KAM12 | B10: CV Asia Setia Putra | C10: SKT 12 | D10: KAM12 | E10: Kama Skt 12S | F10: Malvin | Lariza | H10: 0 | I10: =IF(AND(H10=0,G10=0),"No Delivery",IF(COUNTA(J10,L10,N10,P10,R10,T10,V10)=1,"Delivery",IF(COUNTA(J10,L10,N10,P10,R10,T10,V10)>1,"Partial Delivery",IF(COUNTA(J10,L10,N10,P10,R10,T10,V10)=0,"Will be Updated")))) -> No Delivery | X10: =SUM(J10+L10+N10+P10+R10+T10+V10) -> 0 | Y10: =X10-H10 -> 0 | AA10: =X10*IFERROR(VLOOKUP(D10,'Brand List'!$B:$D,3,0),0) -> 0 | AB10: =H10*IFERROR(VLOOKUP(D10,'Brand List'!$B:$D,3,0),0) -> 0 | AC10: =AA10-AB10 -> 0
A11: =D11 -> SBH12 | B11: PT Asia Marko | C11: SKT 12 | D11: SBH12 | E11: Sumbu Hijau Skt 12S | F11: Jose | Lariza | H11: 0 | I11: =IF(AND(H11=0,G11=0),"No Delivery",IF(COUNTA(J11,L11,N11,P11,R11,T11,V11)=1,"Delivery",IF(COUNTA(J11,L11,N11,P11,R11,T11,V11)>1,"Partial Delivery",IF(COUNTA(J11,L11,N11,P11,R11,T11,V11)=0,"Will be Updated")))) -> No Delivery | X11: =SUM(J11+L11+N11+P11+R11+T11+V11) -> 0 | Y11: =X11-H11 -> 0 | AA11: =X11*IFERROR(VLOOKUP(D11,'Brand List'!$B:$D,3,0),0) -> 0 | AB11: =H11*IFERROR(VLOOKUP(D11,'Brand List'!$B:$D,3,0),0) -> 0 | AC11: =AA11-AB11 -> 0
A12: =D12 -> VER20 | B12: PT Djitoe | C12: SPM 20 | D12: VER20 | E12: Vermont Spm 20S | F12: Jose | Lariza | H12: 0 | I12: =IF(AND(H12=0,G12=0),"No Delivery",IF(COUNTA(J12,L12,N12,P12,R12,T12,V12)=1,"Delivery",IF(COUNTA(J12,L12,N12,P12,R12,T12,V12)>1,"Partial Delivery",IF(COUNTA(J12,L12,N12,P12,R12,T12,V12)=0,"Will be Updated")))) -> No Delivery | X12: =SUM(J12+L12+N12+P12+R12+T12+V12) -> 0 | Y12: =X12-H12 -> 0 | AA12: =X12*IFERROR(VLOOKUP(D12,'Brand List'!$B:$D,3,0),0) -> 0 | AB12: =H12*IFERROR(VLOOKUP(D12,'Brand List'!$B:$D,3,0),0) -> 0 | AC12: =AA12-AB12 -> 0
A13: =D13 -> PRJ12 | B13: PT Sata Jaya Sejahtera | C13: SKT 12 | D13: PRJ12 | E13: Praja Skt 12S | F13: Nico | Lariza | H13: 0 | I13: =IF(AND(H13=0,G13=0),"No Delivery",IF(COUNTA(J13,L13,N13,P13,R13,T13,V13)=1,"Delivery",IF(COUNTA(J13,L13,N13,P13,R13,T13,V13)>1,"Partial Delivery",IF(COUNTA(J13,L13,N13,P13,R13,T13,V13)=0,"Will be Updated")))) -> No Delivery | X13: =SUM(J13+L13+N13+P13+R13+T13+V13) -> 0 | Y13: =X13-H13 -> 0 | AA13: =X13*IFERROR(VLOOKUP(D13,'Brand List'!$B:$D,3,0),0) -> 0 | AB13: =H13*IFERROR(VLOOKUP(D13,'Brand List'!$B:$D,3,0),0) -> 0 | AC13: =AA13-AB13 -> 0
A14: =D14 -> PRL12 | B14: PT Sata Jaya Sejahtera | C14: SKT 12 | D14: PRL12 | E14: Praja Royal Skt 12S | F14: Nico | Lariza | H14: 40 | I14: =IF(AND(H14=0,G14=0),"No Delivery",IF(COUNTA(J14,L14,N14,P14,R14,T14,V14)=1,"Delivery",IF(COUNTA(J14,L14,N14,P14,R14,T14,V14)>1,"Partial Delivery",IF(COUNTA(J14,L14,N14,P14,R14,T14,V14)=0,"Will be Updated")))) -> Will be Updated | X14: =SUM(J14+L14+N14+P14+R14+T14+V14) -> 0 | Y14: =X14-H14 -> -40 | Z14: PO kps 48 = 40 box arrive in Sun kps 47 | AA14: =X14*IFERROR(VLOOKUP(D14,'Brand List'!$B:$D,3,0),0) -> 0 | AB14: =H14*IFERROR(VLOOKUP(D14,'Brand List'!$B:$D,3,0),0) -> 384000 | AC14: =AA14-AB14 -> -384000
A15: =D15 -> TRI20 | B15: PT Atraco Multiguna | C15: SKM HT 20 | D15: TRI20 | E15: Triton Skm Ht 20S | F15: Jose | Lariza | H15: 0 | I15: =IF(AND(H15=0,G15=0),"No Delivery",IF(COUNTA(J15,L15,N15,P15,R15,T15,V15)=1,"Delivery",IF(COUNTA(J15,L15,N15,P15,R15,T15,V15)>1,"Partial Delivery",IF(COUNTA(J15,L15,N15,P15,R15,T15,V15)=0,"Will be Updated")))) -> No Delivery | X15: =SUM(J15+L15+N15+P15+R15+T15+V15) -> 0 | Y15: =X15-H15 -> 0 | AA15: =X15*IFERROR(VLOOKUP(D15,'Brand List'!$B:$D,3,0),0) -> 0 | AB15: =H15*IFERROR(VLOOKUP(D15,'Brand List'!$B:$D,3,0),0) -> 0 | AC15: =AA15-AB15 -> 0
A16: =D16 -> GSS12 | B16: PT Rukun Global Indojaya | C16: SKT 12 | D16: GSS12 | E16: Giri Seduh Sari Skt 12S | F16: Jose | Lariza | H16: 0 | I16: =IF(AND(H16=0,G16=0),"No Delivery",IF(COUNTA(J16,L16,N16,P16,R16,T16,V16)=1,"Delivery",IF(COUNTA(J16,L16,N16,P16,R16,T16,V16)>1,"Partial Delivery",IF(COUNTA(J16,L16,N16,P16,R16,T16,V16)=0,"Will be Updated")))) -> No Delivery | X16: =SUM(J16+L16+N16+P16+R16+T16+V16) -> 0 | Y16: =X16-H16 -> 0 | AA16: =X16*IFERROR(VLOOKUP(D16,'Brand List'!$B:$D,3,0),0) -> 0 | AB16: =H16*IFERROR(VLOOKUP(D16,'Brand List'!$B:$D,3,0),0) -> 0 | AC16: =AA16-AB16 -> 0
A17: =D17 -> CTL16 | B17: PR Sejahtera Abadi | C17: SKM LT 16 | D17: CTL16 | E17: City Lite Lt 16S | F17: Malvin | Andry | H17: 0 | I17: =IF(AND(H17=0,G17=0),"No Delivery",IF(COUNTA(J17,L17,N17,P17,R17,T17,V17)=1,"Delivery",IF(COUNTA(J17,L17,N17,P17,R17,T17,V17)>1,"Partial Delivery",IF(COUNTA(J17,L17,N17,P17,R17,T17,V17)=0,"Will be Updated")))) -> No Delivery | K17: 1 | X17: =SUM(J17+L17+N17+P17+R17+T17+V17) -> 0 | Y17: =X17-H17 -> 0 | AA17: =X17*IFERROR(VLOOKUP(D17,'Brand List'!$B:$D,3,0),0) -> 0 | AB17: =H17*IFERROR(VLOOKUP(D17,'Brand List'!$B:$D,3,0),0) -> 0 | AC17: =AA17-AB17 -> 0
A18: =D18 -> VGZ16 | B18: PR Sejahtera Abadi | C18: SKM LT 16 | D18: VGZ16 | E18: Vegaz Lt 16S | F18: Malvin | Andry | H18: 40 | I18: =IF(AND(H18=0,G18=0),"No Delivery",IF(COUNTA(J18,L18,N18,P18,R18,T18,V18)=1,"Delivery",IF(COUNTA(J18,L18,N18,P18,R18,T18,V18)>1,"Partial Delivery",IF(COUNTA(J18,L18,N18,P18,R18,T18,V18)=0,"Will be Updated")))) -> Delivery | J18: 40 | X18: =SUM(J18+L18+N18+P18+R18+T18+V18) -> 40 | Y18: =X18-H18 -> 0 | AA18: =X18*IFERROR(VLOOKUP(D18,'Brand List'!$B:$D,3,0),0) -> 512000 | AB18: =H18*IFERROR(VLOOKUP(D18,'Brand List'!$B:$D,3,0),0) -> 512000 | AC18: =AA18-AB18 -> 0
B19: PR Sejahtera Abadi | C19: SKM HT 12 | D19: BLS12 | E19: Balai Emas SKM HT 12S | F19: Malvin | Andry | H19: 0 | I19: =IF(AND(H19=0,G19=0),"No Delivery",IF(COUNTA(J19,L19,N19,P19,R19,T19,V19)=1,"Delivery",IF(COUNTA(J19,L19,N19,P19,R19,T19,V19)>1,"Partial Delivery",IF(COUNTA(J19,L19,N19,P19,R19,T19,V19)=0,"Will be Updated")))) -> No Delivery | X19: =SUM(J19+L19+N19+P19+R19+T19+V19) -> 0 | Y19: =X19-H19 -> 0 | AA19: =X19*IFERROR(VLOOKUP(D19,'Brand List'!$B:$D,3,0),0) -> 0 | AB19: =H19*IFERROR(VLOOKUP(D19,'Brand List'!$B:$D,3,0),0) -> 0 | AC19: =AA19-AB19 -> 0
A20: =D20 -> ARM12 | B20: PT Bathara Sejahtera Abadi | C20: SKM HT 12 | D20: ARM12 | E20: Ares Mind Skm Ht 12S | F20: Malvin | Andry | H20: 0 | I20: =IF(AND(H20=0,G20=0),"No Delivery",IF(COUNTA(J20,L20,N20,P20,R20,T20,V20)=1,"Delivery",IF(COUNTA(J20,L20,N20,P20,R20,T20,V20)>1,"Partial Delivery",IF(COUNTA(J20,L20,N20,P20,R20,T20,V20)=0,"Will be Updated")))) -> No Delivery | X20: =SUM(J20+L20+N20+P20+R20+T20+V20) -> 0 | Y20: =X20-H20 -> 0 | AA20: =X20*IFERROR(VLOOKUP(D20,'Brand List'!$B:$D,3,0),0) -> 0 | AB20: =H20*IFERROR(VLOOKUP(D20,'Brand List'!$B:$D,3,0),0) -> 0 | AC20: =AA20-AB20 -> 0
A21: =D21 -> ARM16 | B21: PT Bathara Sejahtera Abadi | C21: SKM HT 16 | D21: ARM16 | E21: Ares Mind Skm Ht 16S | F21: Malvin | Andry | H21: 0 | I21: =IF(AND(H21=0,G21=0),"No Delivery",IF(COUNTA(J21,L21,N21,P21,R21,T21,V21)=1,"Delivery",IF(COUNTA(J21,L21,N21,P21,R21,T21,V21)>1,"Partial Delivery",IF(COUNTA(J21,L21,N21,P21,R21,T21,V21)=0,"Will be Updated")))) -> No Delivery | X21: =SUM(J21+L21+N21+P21+R21+T21+V21) -> 0 | Y21: =X21-H21 -> 0 | AA21: =X21*IFERROR(VLOOKUP(D21,'Brand List'!$B:$D,3,0),0) -> 0 | AB21: =H21*IFERROR(VLOOKUP(D21,'Brand List'!$B:$D,3,0),0) -> 0 | AC21: =AA21-AB21 -> 0
A22: =D22 -> ARK12 | B22: PT Bathara Sejahtera Abadi | C22: SKM HT 12 | D22: ARK12 | E22: Ares Kaizer Skm Ht 12S | F22: Malvin | Andry | H22: 0 | I22: =IF(AND(H22=0,G22=0),"No Delivery",IF(COUNTA(J22,L22,N22,P22,R22,T22,V22)=1,"Delivery",IF(COUNTA(J22,L22,N22,P22,R22,T22,V22)>1,"Partial Delivery",IF(COUNTA(J22,L22,N22,P22,R22,T22,V22)=0,"Will be Updated")))) -> No Delivery | X22: =SUM(J22+L22+N22+P22+R22+T22+V22) -> 0 | Y22: =X22-H22 -> 0 | AA22: =X22*IFERROR(VLOOKUP(D22,'Brand List'!$B:$D,3,0),0) -> 0 | AB22: =H22*IFERROR(VLOOKUP(D22,'Brand List'!$B:$D,3,0),0) -> 0 | AC22: =AA22-AB22 -> 0
A23: =D23 -> ARB12 | B23: PT Bathara Sejahtera Abadi | C23: SKM HT 12 | D23: ARB12 | E23: Ares Bold Skm Ht 12S | F23: Malvin | Andry | H23: 300 | I23: =IF(AND(H23=0,G23=0),"No Delivery",IF(COUNTA(J23,L23,N23,P23,R23,T23,V23)=1,"Delivery",IF(COUNTA(J23,L23,N23,P23,R23,T23,V23)>1,"Partial Delivery",IF(COUNTA(J23,L23,N23,P23,R23,T23,V23)=0,"Will be Updated")))) -> Delivery | J23: 300 | X23: =SUM(J23+L23+N23+P23+R23+T23+V23) -> 300 | Y23: =X23-H23 -> 0 | AA23: =X23*IFERROR(VLOOKUP(D23,'Brand List'!$B:$D,3,0),0) -> 2880000 | AB23: =H23*IFERROR(VLOOKUP(D23,'Brand List'!$B:$D,3,0),0) -> 2880000 | AC23: =AA23-AB23 -> 0
A24: =D24 -> ARB20 | B24: PT Bathara Sejahtera Abadi | C24: SKM HT 20 | D24: ARB20 | E24: Ares Bold Skm Ht 20S | F24: Malvin | Andry | H24: 25 | I24: =IF(AND(H24=0,G24=0),"No Delivery",IF(COUNTA(J24,L24,N24,P24,R24,T24,V24)=1,"Delivery",IF(COUNTA(J24,L24,N24,P24,R24,T24,V24)>1,"Partial Delivery",IF(COUNTA(J24,L24,N24,P24,R24,T24,V24)=0,"Will be Updated")))) -> Delivery | J24: 25 | X24: =SUM(J24+L24+N24+P24+R24+T24+V24) -> 25 | Y24: =X24-H24 -> 0 | AA24: =X24*IFERROR(VLOOKUP(D24,'Brand List'!$B:$D,3,0),0) -> 300000 | AB24: =H24*IFERROR(VLOOKUP(D24,'Brand List'!$B:$D,3,0),0) -> 300000 | AC24: =AA24-AB24 -> 0
A25: =D25 -> ARL16 | B25: PT Bathara Sejahtera Abadi | C25: SKM LT 16 | D25: ARL16 | E25: Ares Lite Skm 16S | F25: Malvin | Andry | H25: 0 | I25: =IF(AND(H25=0,G25=0),"No Delivery",IF(COUNTA(J25,L25,N25,P25,R25,T25,V25)=1,"Delivery",IF(COUNTA(J25,L25,N25,P25,R25,T25,V25)>1,"Partial Delivery",IF(COUNTA(J25,L25,N25,P25,R25,T25,V25)=0,"Will be Updated")))) -> No Delivery | X25: =SUM(J25+L25+N25+P25+R25+T25+V25) -> 0 | Y25: =X25-H25 -> 0 | AA25: =X25*IFERROR(VLOOKUP(D25,'Brand List'!$B:$D,3,0),0) -> 0 | AB25: =H25*IFERROR(VLOOKUP(D25,'Brand List'!$B:$D,3,0),0) -> 0 | AC25: =AA25-AB25 -> 0
A26: =D26 -> BRW12 | B26: PT Artha Jaya | C26: SKT 12 | D26: BRW12 | E26: Birawa Skt 12S | F26: Edward | Andry | H26: 0 | I26: =IF(AND(H26=0,G26=0),"No Delivery",IF(COUNTA(J26,L26,N26,P26,R26,T26,V26)=1,"Delivery",IF(COUNTA(J26,L26,N26,P26,R26,T26,V26)>1,"Partial Delivery",IF(COUNTA(J26,L26,N26,P26,R26,T26,V26)=0,"Will be Updated")))) -> No Delivery | O26: 1 | X26: =SUM(J26+L26+N26+P26+R26+T26+V26) -> 0 | Y26: =X26-H26 -> 0 | AA26: =X26*IFERROR(VLOOKUP(D26,'Brand List'!$B:$D,3,0),0) -> 0 | AB26: =H26*IFERROR(VLOOKUP(D26,'Brand List'!$B:$D,3,0),0) -> 0 | AC26: =AA26-AB26 -> 0
A27: =D27 -> SRS12 | B27: PT Artha Jaya | C27: SKT 12 | D27: SRS12 | E27: Serasa Skt 12S | F27: Edward | Andry | H27: 0 | I27: =IF(AND(H27=0,G27=0),"No Delivery",IF(COUNTA(J27,L27,N27,P27,R27,T27,V27)=1,"Delivery",IF(COUNTA(J27,L27,N27,P27,R27,T27,V27)>1,"Partial Delivery",IF(COUNTA(J27,L27,N27,P27,R27,T27,V27)=0,"Will be Updated")))) -> No Delivery | X27: =SUM(J27+L27+N27+P27+R27+T27+V27) -> 0 | Y27: =X27-H27 -> 0 | AA27: =X27*IFERROR(VLOOKUP(D27,'Brand List'!$B:$D,3,0),0) -> 0 | AB27: =H27*IFERROR(VLOOKUP(D27,'Brand List'!$B:$D,3,0),0) -> 0 | AC27: =AA27-AB27 -> 0
A28: =D28 -> SRS16 | B28: PT Artha Jaya | C28: SKT 16 | D28: SRS16 | E28: Serasa Skt 16S | F28: Edward | Andry | H28: 0 | I28: =IF(AND(H28=0,G28=0),"No Delivery",IF(COUNTA(J28,L28,N28,P28,R28,T28,V28)=1,"Delivery",IF(COUNTA(J28,L28,N28,P28,R28,T28,V28)>1,"Partial Delivery",IF(COUNTA(J28,L28,N28,P28,R28,T28,V28)=0,"Will be Updated")))) -> No Delivery | X28: =SUM(J28+L28+N28+P28+R28+T28+V28) -> 0 | Y28: =X28-H28 -> 0 | Z28: Remaining outstand 100 box po kps 45 | AA28: =X28*IFERROR(VLOOKUP(D28,'Brand List'!$B:$D,3,0),0) -> 0 | AB28: =H28*IFERROR(VLOOKUP(D28,'Brand List'!$B:$D,3,0),0) -> 0 | AC28: =AA28-AB28 -> 0
A29: =D29 -> POS16 | B29: PT Artha Jaya | C29: SKM LT 16 | D29: POS16 | E29: Post X Skm Lt16S | F29: Edward | Andry | H29: 0 | I29: =IF(AND(H29=0,G29=0),"No Delivery",IF(COUNTA(J29,L29,N29,P29,R29,T29,V29)=1,"Delivery",IF(COUNTA(J29,L29,N29,P29,R29,T29,V29)>1,"Partial Delivery",IF(COUNTA(J29,L29,N29,P29,R29,T29,V29)=0,"Will be Updated")))) -> No Delivery | X29: =SUM(J29+L29+N29+P29+R29+T29+V29) -> 0 | Y29: =X29-H29 -> 0 | AA29: =X29*IFERROR(VLOOKUP(D29,'Brand List'!$B:$D,3,0),0) -> 0 | AB29: =H29*IFERROR(VLOOKUP(D29,'Brand List'!$B:$D,3,0),0) -> 0 | AC29: =AA29-AB29 -> 0
A30: =D30 -> TTL16 | B30: PT Artha Jaya | C30: SKM LT 16 | D30: TTL16 | E30: Total Skm Lt16S | F30: Edward | Andry | H30: 40 | I30: =IF(AND(H30=0,G30=0),"No Delivery",IF(COUNTA(J30,L30,N30,P30,R30,T30,V30)=1,"Delivery",IF(COUNTA(J30,L30,N30,P30,R30,T30,V30)>1,"Partial Delivery",IF(COUNTA(J30,L30,N30,P30,R30,T30,V30)=0,"Will be Updated")))) -> Delivery | N30: 40 | X30: =SUM(J30+L30+N30+P30+R30+T30+V30) -> 40 | Y30: =X30-H30 -> 0 | AA30: =X30*IFERROR(VLOOKUP(D30,'Brand List'!$B:$D,3,0),0) -> 384000 | AB30: =H30*IFERROR(VLOOKUP(D30,'Brand List'!$B:$D,3,0),0) -> 384000 | AC30: =AA30-AB30 -> 0
A31: =D31 -> VKT16 | B31: PT Besuk Sukses Harmoni | C31: SKT 16 | D31: VKT16 | E31: Version Skt 16S | F31: Edward | Andry | H31: 200 | I31: =IF(AND(H31=0,G31=0),"No Delivery",IF(COUNTA(J31,L31,N31,P31,R31,T31,V31)=1,"Delivery",IF(COUNTA(J31,L31,N31,P31,R31,T31,V31)>1,"Partial Delivery",IF(COUNTA(J31,L31,N31,P31,R31,T31,V31)=0,"Will be Updated")))) -> Delivery | T31: 200 | U31: 1 | X31: =SUM(J31+L31+N31+P31+R31+T31+V31) -> 200 | Y31: =X31-H31 -> 0 | AA31: =X31*IFERROR(VLOOKUP(D31,'Brand List'!$B:$D,3,0),0) -> 1920000 | AB31: =H31*IFERROR(VLOOKUP(D31,'Brand List'!$B:$D,3,0),0) -> 1920000 | AC31: =AA31-AB31 -> 0
A32: =D32 -> SLT12 | B32: PT Batu Karang | C32: SKT 12 | D32: SLT12 | E32: Salitis (153) Skt 12S | F32: Edward | Andry | H32: 2300 | I32: =IF(AND(H32=0,G32=0),"No Delivery",IF(COUNTA(J32,L32,N32,P32,R32,T32,V32)=1,"Delivery",IF(COUNTA(J32,L32,N32,P32,R32,T32,V32)>1,"Partial Delivery",IF(COUNTA(J32,L32,N32,P32,R32,T32,V32)=0,"Will be Updated")))) -> Partial Delivery | J32: 750 | K32: 3 | L32: 900 | M32: 3 | N32: 400 | O32: 2 | P32: 150 | Q32: 1 | R32: 100 | S32: 1 | U32: 1 | X32: =SUM(J32+L32+N32+P32+R32+T32+V32) -> 2300 | Y32: =X32-H32 -> 0 | AA32: =X32*IFERROR(VLOOKUP(D32,'Brand List'!$B:$D,3,0),0) -> 22080000 | AB32: =H32*IFERROR(VLOOKUP(D32,'Brand List'!$B:$D,3,0),0) -> 22080000 | AC32: =AA32-AB32 -> 0
A33: =D33 -> SLT16 | B33: PT Batu Karang | C33: SKT 16 | D33: SLT16 | E33: Salitis (153) Skt 16S | F33: Edward | Andry | H33: 350 | I33: =IF(AND(H33=0,G33=0),"No Delivery",IF(COUNTA(J33,L33,N33,P33,R33,T33,V33)=1,"Delivery",IF(COUNTA(J33,L33,N33,P33,R33,T33,V33)>1,"Partial Delivery",IF(COUNTA(J33,L33,N33,P33,R33,T33,V33)=0,"Will be Updated")))) -> Partial Delivery | J33: 50 | P33: 100 | R33: 100 | T33: 100 | X33: =SUM(J33+L33+N33+P33+R33+T33+V33) -> 350 | Y33: =X33-H33 -> 0 | AA33: =X33*IFERROR(VLOOKUP(D33,'Brand List'!$B:$D,3,0),0) -> 3360000 | AB33: =H33*IFERROR(VLOOKUP(D33,'Brand List'!$B:$D,3,0),0) -> 3360000 | AC33: =AA33-AB33 -> 0
A34: =D34 -> SLT20 | B34: PT Batu Karang | C34: SKT 20 | D34: SLT20 | E34: Salitis (153) Skt 16S | F34: Edward | Andry | H34: 400 | I34: =IF(AND(H34=0,G34=0),"No Delivery",IF(COUNTA(J34,L34,N34,P34,R34,T34,V34)=1,"Delivery",IF(COUNTA(J34,L34,N34,P34,R34,T34,V34)>1,"Partial Delivery",IF(COUNTA(J34,L34,N34,P34,R34,T34,V34)=0,"Will be Updated")))) -> Partial Delivery | J34: 100 | N34: 100 | T34: 200 | X34: =SUM(J34+L34+N34+P34+R34+T34+V34) -> 400 | Y34: =X34-H34 -> 0 | AA34: =X34*IFERROR(VLOOKUP(D34,'Brand List'!$B:$D,3,0),0) -> 3840000 | AB34: =H34*IFERROR(VLOOKUP(D34,'Brand List'!$B:$D,3,0),0) -> 3840000 | AC34: =AA34-AB34 -> 0
A35: =D35 -> KBL12 | B35: CV Pancaran Sinar Mentari | C35: SKT 12 | D35: KBL12 | E35: Kabel Skt 12S | F35: Edward | Andry | H35: 40 | I35: =IF(AND(H35=0,G35=0),"No Delivery",IF(COUNTA(J35,L35,N35,P35,R35,T35,V35)=1,"Delivery",IF(COUNTA(J35,L35,N35,P35,R35,T35,V35)>1,"Partial Delivery",IF(COUNTA(J35,L35,N35,P35,R35,T35,V35)=0,"Will be Updated")))) -> Delivery | N35: 40 | O35: 1 | X35: =SUM(J35+L35+N35+P35+R35+T35+V35) -> 40 | Y35: =X35-H35 -> 0 | AA35: =X35*IFERROR(VLOOKUP(D35,'Brand List'!$B:$D,3,0),0) -> 384000 | AB35: =H35*IFERROR(VLOOKUP(D35,'Brand List'!$B:$D,3,0),0) -> 384000 | AC35: =AA35-AB35 -> 0
A36: =D36 -> LND20 | B36: CV Pancaran Sinar Mentari | C36: SKT 20 | D36: LND20 | E36: Lima Dan Dua Skt 20S | F36: Edward | Andry | H36: 200 | I36: =IF(AND(H36=0,G36=0),"No Delivery",IF(COUNTA(J36,L36,N36,P36,R36,T36,V36)=1,"Delivery",IF(COUNTA(J36,L36,N36,P36,R36,T36,V36)>1,"Partial Delivery",IF(COUNTA(J36,L36,N36,P36,R36,T36,V36)=0,"Will be Updated")))) -> Delivery | N36: 200 | X36: =SUM(J36+L36+N36+P36+R36+T36+V36) -> 200 | Y36: =X36-H36 -> 0 | AA36: =X36*IFERROR(VLOOKUP(D36,'Brand List'!$B:$D,3,0),0) -> 2400000 | AB36: =H36*IFERROR(VLOOKUP(D36,'Brand List'!$B:$D,3,0),0) -> 2400000 | AC36: =AA36-AB36 -> 0
A37: =D37 -> BAJ12 | B37: PT Daun Emas Nustantara (DEN) | C37: SKT 12 | D37: BAJ12 | E37: Baja Skt 12S | F37: Vincent | Lariza | H37: 0 | I37: =IF(AND(H37=0,G37=0),"No Delivery",IF(COUNTA(J37,L37,N37,P37,R37,T37,V37)=1,"Delivery",IF(COUNTA(J37,L37,N37,P37,R37,T37,V37)>1,"Partial Delivery",IF(COUNTA(J37,L37,N37,P37,R37,T37,V37)=0,"Will be Updated")))) -> No Delivery | M37: 1 | X37: =SUM(J37+L37+N37+P37+R37+T37+V37) -> 0 | Y37: =X37-H37 -> 0 | AA37: =X37*IFERROR(VLOOKUP(D37,'Brand List'!$B:$D,3,0),0) -> 0 | AB37: =H37*IFERROR(VLOOKUP(D37,'Brand List'!$B:$D,3,0),0) -> 0 | AC37: =AA37-AB37 -> 0
A38: =D38 -> NIA16 | B38: PT Daun Emas Nustantara (DEN) | C38: SKT 12 | D38: NIA16 | E38: Nian Skt 16S | F38: Vincent | Lariza | H38: 70 | I38: =IF(AND(H38=0,G38=0),"No Delivery",IF(COUNTA(J38,L38,N38,P38,R38,T38,V38)=1,"Delivery",IF(COUNTA(J38,L38,N38,P38,R38,T38,V38)>1,"Partial Delivery",IF(COUNTA(J38,L38,N38,P38,R38,T38,V38)=0,"Will be Updated")))) -> Delivery | L38: 70 | X38: =SUM(J38+L38+N38+P38+R38+T38+V38) -> 70 | Y38: =X38-H38 -> 0 | AA38: =X38*IFERROR(VLOOKUP(D38,'Brand List'!$B:$D,3,0),0) -> 672000 | AB38: =H38*IFERROR(VLOOKUP(D38,'Brand List'!$B:$D,3,0),0) -> 672000 | AC38: =AA38-AB38 -> 0
A39: =D39 -> SLR12 | B39: CV PR Restu Yesmaju | C39: SKT 12 | D39: SLR12 | E39: Selera Hijau Sejuk Skt 12S | F39: Vincent |Johan | H39: 0 | I39: =IF(AND(H39=0,G39=0),"No Delivery",IF(COUNTA(J39,L39,N39,P39,R39,T39,V39)=1,"Delivery",IF(COUNTA(J39,L39,N39,P39,R39,T39,V39)>1,"Partial Delivery",IF(COUNTA(J39,L39,N39,P39,R39,T39,V39)=0,"Will be Updated")))) -> No Delivery | K39: 3 | M39: 3 | O39: 1 | Q39: 1 | S39: 1 | X39: =SUM(J39+L39+N39+P39+R39+T39+V39) -> 0 | Y39: =X39-H39 -> 0 | AA39: =X39*IFERROR(VLOOKUP(D39,'Brand List'!$B:$D,3,0),0) -> 0 | AB39: =H39*IFERROR(VLOOKUP(D39,'Brand List'!$B:$D,3,0),0) -> 0 | AC39: =AA39-AB39 -> 0
A40: =D40 -> SLP12 | B40: CV PR Restu Yesmaju | C40: SKT 12 | D40: SLP12 | E40: Selera Sari Pucuk Skt 12S | F40: Vincent |Johan | H40: 650 | I40: =IF(AND(H40=0,G40=0),"No Delivery",IF(COUNTA(J40,L40,N40,P40,R40,T40,V40)=1,"Delivery",IF(COUNTA(J40,L40,N40,P40,R40,T40,V40)>1,"Partial Delivery",IF(COUNTA(J40,L40,N40,P40,R40,T40,V40)=0,"Will be Updated")))) -> Will be Updated | X40: =SUM(J40+L40+N40+P40+R40+T40+V40) -> 0 | Y40: =X40-H40 -> -650 | Z40: PO kps 48 = 650 box arrive in Sat kps 47 | AA40: =X40*IFERROR(VLOOKUP(D40,'Brand List'!$B:$D,3,0),0) -> 0 | AB40: =H40*IFERROR(VLOOKUP(D40,'Brand List'!$B:$D,3,0),0) -> 6240000 | AC40: =AA40-AB40 -> -6240000 | AD40: -
A41: =D41 -> SLO12 | B41: CV PR Restu Yesmaju | C41: SKT 12 | D41: SLO12 | E41: Selera Origin Skt 12S | F41: Vincent |Johan | H41: 200 | I41: =IF(AND(H41=0,G41=0),"No Delivery",IF(COUNTA(J41,L41,N41,P41,R41,T41,V41)=1,"Delivery",IF(COUNTA(J41,L41,N41,P41,R41,T41,V41)>1,"Partial Delivery",IF(COUNTA(J41,L41,N41,P41,R41,T41,V41)=0,"Will be Updated")))) -> Delivery | J41: 150 | X41: =SUM(J41+L41+N41+P41+R41+T41+V41) -> 150 | Y41: =X41-H41 -> -50 | AA41: =X41*IFERROR(VLOOKUP(D41,'Brand List'!$B:$D,3,0),0) -> 1440000 | AB41: =H41*IFERROR(VLOOKUP(D41,'Brand List'!$B:$D,3,0),0) -> 1920000 | AC41: =AA41-AB41 -> -480000
A42: =D42 -> KPT12 | B42: CV PR Restu Yesmaju | C42: SKT 12 | D42: KPT12 | E42: Kapten Skt 12S | F42: Vincent |Johan | H42: 0 | I42: =IF(AND(H42=0,G42=0),"No Delivery",IF(COUNTA(J42,L42,N42,P42,R42,T42,V42)=1,"Delivery",IF(COUNTA(J42,L42,N42,P42,R42,T42,V42)>1,"Partial Delivery",IF(COUNTA(J42,L42,N42,P42,R42,T42,V42)=0,"Will be Updated")))) -> No Delivery | X42: =SUM(J42+L42+N42+P42+R42+T42+V42) -> 0 | Y42: =X42-H42 -> 0 | AA42: =X42*IFERROR(VLOOKUP(D42,'Brand List'!$B:$D,3,0),0) -> 0 | AB42: =H42*IFERROR(VLOOKUP(D42,'Brand List'!$B:$D,3,0),0) -> 0 | AC42: =AA42-AB42 -> 0
A43: =D43 -> RKT16 | B43: CV Rejeki Barokah Amin | C43: SKT 16 | D43: RKT16 | E43: Region Kretek 16S | F43: Jose |Johan | H43: 1300 | I43: =IF(AND(H43=0,G43=0),"No Delivery",IF(COUNTA(J43,L43,N43,P43,R43,T43,V43)=1,"Delivery",IF(COUNTA(J43,L43,N43,P43,R43,T43,V43)>1,"Partial Delivery",IF(COUNTA(J43,L43,N43,P43,R43,T43,V43)=0,"Will be Updated")))) -> Partial Delivery | J43: 150 | L43: 150 | N43: 150 | P43: 150 | R43: 150 | X43: =SUM(J43+L43+N43+P43+R43+T43+V43) -> 750 | Y43: =X43-H43 -> -550 | Z43: PO kps 48 = 160 box arrive in Sat kps 47 | AA43: =X43*IFERROR(VLOOKUP(D43,'Brand List'!$B:$D,3,0),0) -> 7200000 | AB43: =H43*IFERROR(VLOOKUP(D43,'Brand List'!$B:$D,3,0),0) -> 12480000 | AC43: =AA43-AB43 -> -5280000
A44: =D44 -> VOK12 | B44: CV Kian Djaja | C44: SKT 12 | D44: VOK12 | E44: Vokal Jingga Harum Skt 12S | F44: Jose |Johan | H44: 10 | I44: =IF(AND(H44=0,G44=0),"No Delivery",IF(COUNTA(J44,L44,N44,P44,R44,T44,V44)=1,"Delivery",IF(COUNTA(J44,L44,N44,P44,R44,T44,V44)>1,"Partial Delivery",IF(COUNTA(J44,L44,N44,P44,R44,T44,V44)=0,"Will be Updated")))) -> Will be Updated | X44: =SUM(J44+L44+N44+P44+R44+T44+V44) -> 0 | Y44: =X44-H44 -> -10 | Z44: PO kps 48 = 10 box arrive in Sun kps 47 | AA44: =X44*IFERROR(VLOOKUP(D44,'Brand List'!$B:$D,3,0),0) -> 0 | AB44: =H44*IFERROR(VLOOKUP(D44,'Brand List'!$B:$D,3,0),0) -> 96000 | AC44: =AA44-AB44 -> -96000
A45: =D45 -> NAT20 | B45: PT Ongkowidjojo | C45: SKM HT 20 | D45: NAT20 | E45: Nation Bold Ht 20S | F45: Jose |Johan | H45: 2500 | I45: =IF(AND(H45=0,G45=0),"No Delivery",IF(COUNTA(J45,L45,N45,P45,R45,T45,V45)=1,"Delivery",IF(COUNTA(J45,L45,N45,P45,R45,T45,V45)>1,"Partial Delivery",IF(COUNTA(J45,L45,N45,P45,R45,T45,V45)=0,"Will be Updated")))) -> Partial Delivery | J45: 400 | L45: 400 | N45: 400 | X45: =SUM(J45+L45+N45+P45+R45+T45+V45) -> 1200 | Y45: =X45-H45 -> -1300 | Z45: Remaining 240 box po kps 47 will be delivered in kps 48 | AA45: =X45*IFERROR(VLOOKUP(D45,'Brand List'!$B:$D,3,0),0) -> 14400000 | AB45: =H45*IFERROR(VLOOKUP(D45,'Brand List'!$B:$D,3,0),0) -> 30000000 | AC45: =AA45-AB45 -> -15600000
A46: =D46 -> NAT16 | B46: PT Ongkowidjojo | C46: SKM HT 16 | D46: NAT16 | E46: Nation Bold 16S | F46: Jose |Johan | H46: 400 | I46: =IF(AND(H46=0,G46=0),"No Delivery",IF(COUNTA(J46,L46,N46,P46,R46,T46,V46)=1,"Delivery",IF(COUNTA(J46,L46,N46,P46,R46,T46,V46)>1,"Partial Delivery",IF(COUNTA(J46,L46,N46,P46,R46,T46,V46)=0,"Will be Updated")))) -> Will be Updated | X46: =SUM(J46+L46+N46+P46+R46+T46+V46) -> 0 | Y46: =X46-H46 -> -400 | Z46: PO kps 48 = 400 box arrive in Fri kps 47 | AA46: =X46*IFERROR(VLOOKUP(D46,'Brand List'!$B:$D,3,0),0) -> 0 | AB46: =H46*IFERROR(VLOOKUP(D46,'Brand List'!$B:$D,3,0),0) -> 3840000 | AC46: =AA46-AB46 -> -3840000 | AD46: -
A47: =D47 -> NTL16 | B47: PT Ongkowidjojo | C47: SKM LT 16 | D47: NTL16 | E47: Nation Lite Skm Lt 16S | F47: Jose |Johan | H47: 0 | I47: =IF(AND(H47=0,G47=0),"No Delivery",IF(COUNTA(J47,L47,N47,P47,R47,T47,V47)=1,"Delivery",IF(COUNTA(J47,L47,N47,P47,R47,T47,V47)>1,"Partial Delivery",IF(COUNTA(J47,L47,N47,P47,R47,T47,V47)=0,"Will be Updated")))) -> No Delivery | X47: =SUM(J47+L47+N47+P47+R47+T47+V47) -> 0 | Y47: =X47-H47 -> 0 | AA47: =X47*IFERROR(VLOOKUP(D47,'Brand List'!$B:$D,3,0),0) -> 0 | AB47: =H47*IFERROR(VLOOKUP(D47,'Brand List'!$B:$D,3,0),0) -> 0 | AC47: =AA47-AB47 -> 0
A48: =D48 -> NAG20 | B48: PT Ongkowidjojo | C48: SKM HT 20 | D48: NAG20 | E48: Nation Gold Ht 20S | F48: Jose |Johan | H48: 1500 | I48: =IF(AND(H48=0,G48=0),"No Delivery",IF(COUNTA(J48,L48,N48,P48,R48,T48,V48)=1,"Delivery",IF(COUNTA(J48,L48,N48,P48,R48,T48,V48)>1,"Partial Delivery",IF(COUNTA(J48,L48,N48,P48,R48,T48,V48)=0,"Will be Updated")))) -> Partial Delivery | P48: 400 | R48: 400 | X48: =SUM(J48+L48+N48+P48+R48+T48+V48) -> 800 | Y48: =X48-H48 -> -700 | Z48: PO kps 48 = 400 box arrive in Sun kps 47 | AA48: =X48*IFERROR(VLOOKUP(D48,'Brand List'!$B:$D,3,0),0) -> 9600000 | AB48: =H48*IFERROR(VLOOKUP(D48,'Brand List'!$B:$D,3,0),0) -> 18000000 | AC48: =AA48-AB48 -> -8400000
A49: =D49 -> OEM10 | B49: PT Ongkowidjojo | C49: SKT 10 | D49: OEM10 | E49: Oepet Skt 10S | F49: Jose |Johan | H49: 500 | I49: =IF(AND(H49=0,G49=0),"No Delivery",IF(COUNTA(J49,L49,N49,P49,R49,T49,V49)=1,"Delivery",IF(COUNTA(J49,L49,N49,P49,R49,T49,V49)>1,"Partial Delivery",IF(COUNTA(J49,L49,N49,P49,R49,T49,V49)=0,"Will be Updated")))) -> Will be Updated | X49: =SUM(J49+L49+N49+P49+R49+T49+V49) -> 0 | Y49: =X49-H49 -> -500 | Z49: PO kps 48 = 500 box arrive in Sat kps 47 | AA49: =X49*IFERROR(VLOOKUP(D49,'Brand List'!$B:$D,3,0),0) -> 0 | AB49: =H49*IFERROR(VLOOKUP(D49,'Brand List'!$B:$D,3,0),0) -> 4000000 | AC49: =AA49-AB49 -> -4000000
A50: =D50 -> OES12 | B50: PT Ongkowidjojo | C50: SKT 12 | D50: OES12 | E50: Oepet Skt 12S | F50: Jose |Johan | H50: 100 | I50: =IF(AND(H50=0,G50=0),"No Delivery",IF(COUNTA(J50,L50,N50,P50,R50,T50,V50)=1,"Delivery",IF(COUNTA(J50,L50,N50,P50,R50,T50,V50)>1,"Partial Delivery",IF(COUNTA(J50,L50,N50,P50,R50,T50,V50)=0,"Will be Updated")))) -> Will be Updated | X50: =SUM(J50+L50+N50+P50+R50+T50+V50) -> 0 | Y50: =X50-H50 -> -100 | Z50: PO kps 48 = 100 box arrive in Sat kps 47 | AA50: =X50*IFERROR(VLOOKUP(D50,'Brand List'!$B:$D,3,0),0) -> 0 | AB50: =H50*IFERROR(VLOOKUP(D50,'Brand List'!$B:$D,3,0),0) -> 960000 | AC50: =AA50-AB50 -> -960000
A51: =D51 -> OEC10 | B51: PT Ongkowidjojo | C51: SKT 10 | D51: OEC10 | E51: Oepet Klasik Skt 10S | F51: Jose |Johan | H51: 100 | I51: =IF(AND(H51=0,G51=0),"No Delivery",IF(COUNTA(J51,L51,N51,P51,R51,T51,V51)=1,"Delivery",IF(COUNTA(J51,L51,N51,P51,R51,T51,V51)>1,"Partial Delivery",IF(COUNTA(J51,L51,N51,P51,R51,T51,V51)=0,"Will be Updated")))) -> Delivery | L51: 50 | X51: =SUM(J51+L51+N51+P51+R51+T51+V51) -> 50 | Y51: =X51-H51 -> -50 | Z51: PO kps 48 = 50 box arrive in Fri kps 47 | AA51: =X51*IFERROR(VLOOKUP(D51,'Brand List'!$B:$D,3,0),0) -> 400000 | AB51: =H51*IFERROR(VLOOKUP(D51,'Brand List'!$B:$D,3,0),0) -> 800000 | AC51: =AA51-AB51 -> -400000
A52: =D52 -> OEB12 | B52: PT Ongkowidjojo | C52: SKM HT 12 | D52: OEB12 | E52: Oe Bold Ht 12S | F52: Jose |Johan | H52: 100 | I52: =IF(AND(H52=0,G52=0),"No Delivery",IF(COUNTA(J52,L52,N52,P52,R52,T52,V52)=1,"Delivery",IF(COUNTA(J52,L52,N52,P52,R52,T52,V52)>1,"Partial Delivery",IF(COUNTA(J52,L52,N52,P52,R52,T52,V52)=0,"Will be Updated")))) -> Delivery | L52: 100 | X52: =SUM(J52+L52+N52+P52+R52+T52+V52) -> 100 | Y52: =X52-H52 -> 0 | Z52: Remaining outstand 50 box po kps 46 to be confirm | AA52: =X52*IFERROR(VLOOKUP(D52,'Brand List'!$B:$D,3,0),0) -> 960000 | AB52: =H52*IFERROR(VLOOKUP(D52,'Brand List'!$B:$D,3,0),0) -> 960000 | AC52: =AA52-AB52 -> 0
A53: =D53 -> OEB16 | B53: PT Ongkowidjojo | C53: SKM HT 16 | D53: OEB16 | E53: Oe Bold Ht 16S | F53: Jose |Johan | H53: 0 | I53: =IF(AND(H53=0,G53=0),"No Delivery",IF(COUNTA(J53,L53,N53,P53,R53,T53,V53)=1,"Delivery",IF(COUNTA(J53,L53,N53,P53,R53,T53,V53)>1,"Partial Delivery",IF(COUNTA(J53,L53,N53,P53,R53,T53,V53)=0,"Will be Updated")))) -> No Delivery | X53: =SUM(J53+L53+N53+P53+R53+T53+V53) -> 0 | Y53: =X53-H53 -> 0 | AA53: =X53*IFERROR(VLOOKUP(D53,'Brand List'!$B:$D,3,0),0) -> 0 | AB53: =H53*IFERROR(VLOOKUP(D53,'Brand List'!$B:$D,3,0),0) -> 0 | AC53: =AA53-AB53 -> 0
A54: =D54 -> OEB20 | B54: PT Ongkowidjojo | C54: SKM HT 20 | D54: OEB20 | E54: Oe Bold Ht 20S | F54: Jose |Johan | H54: 0 | I54: =IF(AND(H54=0,G54=0),"No Delivery",IF(COUNTA(J54,L54,N54,P54,R54,T54,V54)=1,"Delivery",IF(COUNTA(J54,L54,N54,P54,R54,T54,V54)>1,"Partial Delivery",IF(COUNTA(J54,L54,N54,P54,R54,T54,V54)=0,"Will be Updated")))) -> No Delivery | X54: =SUM(J54+L54+N54+P54+R54+T54+V54) -> 0 | Y54: =X54-H54 -> 0 | AA54: =X54*IFERROR(VLOOKUP(D54,'Brand List'!$B:$D,3,0),0) -> 0 | AB54: =H54*IFERROR(VLOOKUP(D54,'Brand List'!$B:$D,3,0),0) -> 0 | AC54: =AA54-AB54 -> 0
A55: =D55 -> ONG16 | B55: PT Ongkowidjojo | C55: SKT 16 | D55: ONG16 | E55: Oe Bold Ht 16S | F55: Jose |Johan | H55: 100 | I55: =IF(AND(H55=0,G55=0),"No Delivery",IF(COUNTA(J55,L55,N55,P55,R55,T55,V55)=1,"Delivery",IF(COUNTA(J55,L55,N55,P55,R55,T55,V55)>1,"Partial Delivery",IF(COUNTA(J55,L55,N55,P55,R55,T55,V55)=0,"Will be Updated")))) -> Delivery | L55: 50 | X55: =SUM(J55+L55+N55+P55+R55+T55+V55) -> 50 | Y55: =X55-H55 -> -50 | Z55: PO kps 48 = 50 box arrive in Sun kps 47 | AA55: =X55*IFERROR(VLOOKUP(D55,'Brand List'!$B:$D,3,0),0) -> 480000 | AB55: =H55*IFERROR(VLOOKUP(D55,'Brand List'!$B:$D,3,0),0) -> 960000 | AC55: =AA55-AB55 -> -480000
B56: PT Cahaya Tiga Saudara Sejati | C56: SKT 12 | D56: SME12 | E56: Simustika 269 Edition Skt 12S | F56: Malvin |Johan | H56: 275 | I56: =IF(AND(H56=0,G56=0),"No Delivery",IF(COUNTA(J56,L56,N56,P56,R56,T56,V56)=1,"Delivery",IF(COUNTA(J56,L56,N56,P56,R56,T56,V56)>1,"Partial Delivery",IF(COUNTA(J56,L56,N56,P56,R56,T56,V56)=0,"Will be Updated")))) -> Will be Updated | X56: =SUM(J56+L56+N56+P56+R56+T56+V56) -> 0 | Y56: =X56-H56 -> -275 | Z56: Direct To Area || Remaining oustand 400 box | AA56: =X56*IFERROR(VLOOKUP(D56,'Brand List'!$B:$D,3,0),0) -> 0 | AB56: =H56*IFERROR(VLOOKUP(D56,'Brand List'!$B:$D,3,0),0) -> 2640000 | AC56: =AA56-AB56 -> -2640000
B57: PT Cahaya Tiga Saudara Sejati | C57: SKT 12 | D57: SMB12 | E57: Simustika 269 Bold Skt 12S | F57: Malvin |Johan | H57: 100 | I57: =IF(AND(H57=0,G57=0),"No Delivery",IF(COUNTA(J57,L57,N57,P57,R57,T57,V57)=1,"Delivery",IF(COUNTA(J57,L57,N57,P57,R57,T57,V57)>1,"Partial Delivery",IF(COUNTA(J57,L57,N57,P57,R57,T57,V57)=0,"Will be Updated")))) -> Will be Updated | X57: =SUM(J57+L57+N57+P57+R57+T57+V57) -> 0 | Y57: =X57-H57 -> -100 | Z57: Direct to Area || Remaining outstand 200 box | AA57: =X57*IFERROR(VLOOKUP(D57,'Brand List'!$B:$D,3,0),0) -> 0 | AB57: =H57*IFERROR(VLOOKUP(D57,'Brand List'!$B:$D,3,0),0) -> 960000 | AC57: =AA57-AB57 -> -960000
B58: PT Cahaya Tiga Saudara Sejati | C58: SKT 12 | D58: SMG12 | E58: Simustika 269 Gold Skt 12S | F58: Malvin |Johan | H58: 0 | I58: =IF(AND(H58=0,G58=0),"No Delivery",IF(COUNTA(J58,L58,N58,P58,R58,T58,V58)=1,"Delivery",IF(COUNTA(J58,L58,N58,P58,R58,T58,V58)>1,"Partial Delivery",IF(COUNTA(J58,L58,N58,P58,R58,T58,V58)=0,"Will be Updated")))) -> No Delivery | X58: =SUM(J58+L58+N58+P58+R58+T58+V58) -> 0 | Y58: =X58-H58 -> 0 | Z58: Direct to Area || Remaining outstand 44,25 box from po kps 46 | AA58: =X58*IFERROR(VLOOKUP(D58,'Brand List'!$B:$D,3,0),0) -> 0 | AB58: =H58*IFERROR(VLOOKUP(D58,'Brand List'!$B:$D,3,0),0) -> 0 | AC58: =AA58-AB58 -> 0
A59: =D59 -> LOJ12 | B59: PT Panen | C59: SKT 12 | D59: LOJ12 | E59: Lodjie Skt 12S | F59: Vincent | Andry | H59: 40 | I59: =IF(AND(H59=0,G59=0),"No Delivery",IF(COUNTA(J59,L59,N59,P59,R59,T59,V59)=1,"Delivery",IF(COUNTA(J59,L59,N59,P59,R59,T59,V59)>1,"Partial Delivery",IF(COUNTA(J59,L59,N59,P59,R59,T59,V59)=0,"Will be Updated")))) -> Delivery | N59: 40 | O59: 1 | X59: =SUM(J59+L59+N59+P59+R59+T59+V59) -> 40 | Y59: =X59-H59 -> 0 | AA59: =X59*IFERROR(VLOOKUP(D59,'Brand List'!$B:$D,3,0),0) -> 384000 | AB59: =H59*IFERROR(VLOOKUP(D59,'Brand List'!$B:$D,3,0),0) -> 384000 | AC59: =AA59-AB59 -> 0
A60: =D60 -> LOK12 | B60: PT Panen | C60: SKT 12 | D60: LOK12 | E60: Lokal Skt 12S | F60: Vincent | Andry | H60: 0 | I60: =IF(AND(H60=0,G60=0),"No Delivery",IF(COUNTA(J60,L60,N60,P60,R60,T60,V60)=1,"Delivery",IF(COUNTA(J60,L60,N60,P60,R60,T60,V60)>1,"Partial Delivery",IF(COUNTA(J60,L60,N60,P60,R60,T60,V60)=0,"Will be Updated")))) -> No Delivery | X60: =SUM(J60+L60+N60+P60+R60+T60+V60) -> 0 | Y60: =X60-H60 -> 0 | AA60: =X60*IFERROR(VLOOKUP(D60,'Brand List'!$B:$D,3,0),0) -> 0 | AB60: =H60*IFERROR(VLOOKUP(D60,'Brand List'!$B:$D,3,0),0) -> 0 | AC60: =AA60-AB60 -> 0
A61: =D61 -> SGR12 | B61: PT Rajaa Tunggal | C61: SKT 12 | D61: SGR12 | E61: Segara Skt 12S | F61: Vincent | Andry | H61: 30 | I61: =IF(AND(H61=0,G61=0),"No Delivery",IF(COUNTA(J61,L61,N61,P61,R61,T61,V61)=1,"Delivery",IF(COUNTA(J61,L61,N61,P61,R61,T61,V61)>1,"Partial Delivery",IF(COUNTA(J61,L61,N61,P61,R61,T61,V61)=0,"Will be Updated")))) -> Delivery | T61: 30 | U61: 1 | X61: =SUM(J61+L61+N61+P61+R61+T61+V61) -> 30 | Y61: =X61-H61 -> 0 | AA61: =X61*IFERROR(VLOOKUP(D61,'Brand List'!$B:$D,3,0),0) -> 288000 | AB61: =H61*IFERROR(VLOOKUP(D61,'Brand List'!$B:$D,3,0),0) -> 288000 | AC61: =AA61-AB61 -> 0
A62: =D62 -> MAU12 | B62: PT Rajaa Wangsa Santoso | C62: SKT 12 | D62: MAU12 | E62: Maung Skt 12S | F62: Vincent | Andry | H62: 150 | I62: =IF(AND(H62=0,G62=0),"No Delivery",IF(COUNTA(J62,L62,N62,P62,R62,T62,V62)=1,"Delivery",IF(COUNTA(J62,L62,N62,P62,R62,T62,V62)>1,"Partial Delivery",IF(COUNTA(J62,L62,N62,P62,R62,T62,V62)=0,"Will be Updated")))) -> Delivery | T62: 75 | X62: =SUM(J62+L62+N62+P62+R62+T62+V62) -> 75 | Y62: =X62-H62 -> -75 | Z62: Remaining outstand 55 box po kps 47 will be delivered in kps 48 | AA62: =X62*IFERROR(VLOOKUP(D62,'Brand List'!$B:$D,3,0),0) -> 720000 | AB62: =H62*IFERROR(VLOOKUP(D62,'Brand List'!$B:$D,3,0),0) -> 1440000 | AC62: =AA62-AB62 -> -720000
A63: =D63 -> DRJ12 | B63: PT Tiara Cemerlang Abadi | C63: SKT 12 | D63: DRJ12 | E63: Dirja Skt 12S | F63: Malvin | Johan | H63: 160 | I63: =IF(AND(H63=0,G63=0),"No Delivery",IF(COUNTA(J63,L63,N63,P63,R63,T63,V63)=1,"Delivery",IF(COUNTA(J63,L63,N63,P63,R63,T63,V63)>1,"Partial Delivery",IF(COUNTA(J63,L63,N63,P63,R63,T63,V63)=0,"Will be Updated")))) -> Delivery | R63: 160 | S63: 1 | X63: =SUM(J63+L63+N63+P63+R63+T63+V63) -> 160 | Y63: =X63-H63 -> 0 | AA63: =X63*IFERROR(VLOOKUP(D63,'Brand List'!$B:$D,3,0),0) -> 1536000 | AB63: =H63*IFERROR(VLOOKUP(D63,'Brand List'!$B:$D,3,0),0) -> 1536000 | AC63: =AA63-AB63 -> 0
A64: =D64 -> BHU12 | B64: PT Sejuk | C64: SKT 12 | D64: BHU12 | E64: Bhumi Skt 12S | F64: Malvin | Johan | H64: 925 | I64: =IF(AND(H64=0,G64=0),"No Delivery",IF(COUNTA(J64,L64,N64,P64,R64,T64,V64)=1,"Delivery",IF(COUNTA(J64,L64,N64,P64,R64,T64,V64)>1,"Partial Delivery",IF(COUNTA(J64,L64,N64,P64,R64,T64,V64)=0,"Will be Updated")))) -> Partial Delivery | J64: 275 | K64: 1 | L64: 650 | M64: 1 | O64: 1 | S64: 1 | X64: =SUM(J64+L64+N64+P64+R64+T64+V64) -> 925 | Y64: =X64-H64 -> 0 | AA64: =X64*IFERROR(VLOOKUP(D64,'Brand List'!$B:$D,3,0),0) -> 6660000 | AB64: =H64*IFERROR(VLOOKUP(D64,'Brand List'!$B:$D,3,0),0) -> 6660000 | AC64: =AA64-AB64 -> 0
B65: PT Sejuk | C65: SKT 12 | D65: SJK12 | E65: Sejuk Alami Skt 12S | F65: Malvin | Johan | H65: 240 | I65: =IF(AND(H65=0,G65=0),"No Delivery",IF(COUNTA(J65,L65,N65,P65,R65,T65,V65)=1,"Delivery",IF(COUNTA(J65,L65,N65,P65,R65,T65,V65)>1,"Partial Delivery",IF(COUNTA(J65,L65,N65,P65,R65,T65,V65)=0,"Will be Updated")))) -> Delivery | L65: 240 | X65: =SUM(J65+L65+N65+P65+R65+T65+V65) -> 240 | Y65: =X65-H65 -> 0 | Z65: Direct to Area | AA65: =X65*IFERROR(VLOOKUP(D65,'Brand List'!$B:$D,3,0),0) -> 2880000 | AB65: =H65*IFERROR(VLOOKUP(D65,'Brand List'!$B:$D,3,0),0) -> 2880000 | AC65: =AA65-AB65 -> 0
A66: =D66 -> UTG12 | B66: PT Cahaya Bukit Suka | C66: SKT 12 | D66: UTG12 | E66: Untung Skt 12S | F66: Malvin | Johan | H66: 80 | I66: =IF(AND(H66=0,G66=0),"No Delivery",IF(COUNTA(J66,L66,N66,P66,R66,T66,V66)=1,"Delivery",IF(COUNTA(J66,L66,N66,P66,R66,T66,V66)>1,"Partial Delivery",IF(COUNTA(J66,L66,N66,P66,R66,T66,V66)=0,"Will be Updated")))) -> Delivery | R66: 80 | X66: =SUM(J66+L66+N66+P66+R66+T66+V66) -> 80 | Y66: =X66-H66 -> 0 | AA66: =X66*IFERROR(VLOOKUP(D66,'Brand List'!$B:$D,3,0),0) -> 768000 | AB66: =H66*IFERROR(VLOOKUP(D66,'Brand List'!$B:$D,3,0),0) -> 768000 | AC66: =AA66-AB66 -> 0
B67: PR Jolo Tundho | C67: SKT 16 | D67: DAJ16 | E67: Djiwa Alami Hijau | F67: Malvin | Johan | H67: 50 | I67: =IF(AND(H67=0,G67=0),"No Delivery",IF(COUNTA(J67,L67,N67,P67,R67,T67,V67)=1,"Delivery",IF(COUNTA(J67,L67,N67,P67,R67,T67,V67)>1,"Partial Delivery",IF(COUNTA(J67,L67,N67,P67,R67,T67,V67)=0,"Will be Updated")))) -> Delivery | N67: 50 | X67: =SUM(J67+L67+N67+P67+R67+T67+V67) -> 50 | Y67: =X67-H67 -> 0 | AA67: =X67*IFERROR(VLOOKUP(D67,'Brand List'!$B:$D,3,0),0) -> 480000 | AB67: =H67*IFERROR(VLOOKUP(D67,'Brand List'!$B:$D,3,0),0) -> 480000 | AC67: =AA67-AB67 -> 0
